object			
volume	00216x06	James Diderot & al.	{date}
pb	1	0003	
entry	SUDOR	2	
orth	SUDOR		
pb	3	0004	
pb	5	0005	
entry	SUDORIFERA	0	
orth	SUDORIFERA		
entry	SUDORIFICA	0	
orth	SUDORIFICA		
clique	Diaphoretica		
entry	SUFFERSURÆ	0	
orth	SUFFERSURÆ		
entry	SUFFIMENTUM	2	
orth	SUFFIMENTUM		
pb	7	0006	
pb	9	0007	
entry	SUFFITUS	0	
orth	SUFFITUS		
entry	SUFFO	0	
orth	SUFFO		
entry	SUFFOCATIO UTERINA	0	
orth	SUFFOCATIO UTERINA		
entry	SUFFRUTICES	0	
orth	SUFFRUTICES		
entry	SUFFUMIGATIO	0	
orth	SUFFUMIGATIO		
clique	Cataracta		
entry	SUFFUSIO AURIGINOSA	0	
orth	SUFFUSIO AURIGINOSA		
entry	SUFUFF	0	
orth	SUFUFF		
entry	SUGILLATIO	0	
orth	SUGILLATIO		
entry	SUGITIVA	0	
orth	SUGITIVA		
entry	SULPHUR	6	
orth	SULPHUR		
pb	11	0008	
pb	13	0009	
pb	15	0010	
pb	17	0011	
pb	19	0012	
pb	21	0013	
entry	SUMA	0	
orth	SUMA		
entry	SUMACH	0	
orth	SUMACH		
entry	SUMEN	0	
orth	SUMEN		
entry	SUMMITATES	0	
orth	SUMMITATES		
entry	SUPERBA	0	
orth	SUPERBA		
entry	SUPERBUS MUSCULUS	0	
orth	SUPERBUS MUSCULUS		
entry	SUPERCILIA	0	
orth	SUPERCILIA		
entry	SUPERCILIUM ACETABULI	0	
orth	SUPERCILIUM ACETABULI		
clique	Acetabulum		
entry	SUPERCOMPOSITIVA SECTA	0	
orth	SUPERCOMPOSITIVA SECTA		
entry	SUPEREXCRETIO	0	
orth	SUPEREXCRETIO		
entry	SUPERFICIES	0	
orth	SUPERFICIES		
entry	SUPERFŒTATIO	0	
orth	SUPERFŒTATIO		
clique	Epicyesis		
entry	SUPERGEMINALIS, EPIDIDYMIS	0	
orth	SUPERGEMINALIS		
orth	EPIDIDYMIS		
entry	SUPERGENUALIS	0	
orth	SUPERGENUALIS		
entry	SUPERHUMERALIS	0	
orth	SUPERHUMERALIS		
entry	SUPER-IMPREGNATIO	0	
orth	SUPER-IMPREGNATIO		
entry	SUPERLIGULA	0	
orth	SUPERLIGULA		
entry	SUPERMONICUM	0	
orth	SUPERMONICUM		
entry	SUPERPURGATIO	0	
orth	SUPERPURGATIO		
entry	SUPERSCAPULARIS SUPERIOR	0	
orth	SUPERSCAPULARIS SUPERIOR		
entry	SUPERVACUATIO	0	
orth	SUPERVACUATIO		
entry	SUPIM	1	
orth	SUPIM		
pb	23	0014	
entry	SUPINATOR LONGUS SIVE MAJOR	0	
orth	SUPINATOR LONGUS SIVE MAJOR		
entry	SUPPEDANEA, SUPPLANTALIA	0	
orth	SUPPEDANEA		
orth	SUPPLANTALIA		
entry	SUPPOSITORIUM	0	
orth	SUPPOSITORIUM		
entry	SUPPRESSIO	0	
orth	SUPPRESSIO		
entry	SUPPRESSIONIS IGNIS	0	
orth	SUPPRESSIONIS IGNIS		
entry	SUPPURANTIA	0	
orth	SUPPURANTIA		
entry	SUPPURATIO	15	
orth	SUPPURATIO		
pb	25	0015	
clique	Ecroey		
pb	27	0016	
clique	Vulnus		
pb	29	0017	
pb	31	0018	
pb	33	0019	
pb	35	0020	
pb	37	0021	
clique	Inflammatio		
pb	39	0022	
pb	41	0023	
clique	Vulnus		
pb	43	0024	
pb	45	0025	
clique	Hydrops		
pb	47	0026	
pb	49	0027	
pb	51	0028	
pb	53	0029	
entry	SUPRA-COSTALES MUSCULI	1	
orth	SUPRA-COSTALES MUSCULI		
pb	55	0030	
entry	SURIANA	0	
orth	SURIANA		
entry	SURRECTORIUM	0	
orth	SURRECTORIUM		
entry	SUSINUM	0	
orth	SUSINUM		
clique	Ægyptium oleum		
entry	SUSPENDICULUM	0	
orth	SUSPENDICULUM		
entry	SUSPENSOR TESTICULI	0	
orth	SUSPENSOR TESTICULI		
entry	SUSPENSUM	0	
orth	SUSPENSUM		
clique	Enaeorema		
entry	SUSPIRIUM	0	
orth	SUSPIRIUM		
entry	SUTORIUM ATRAMENTUM	0	
orth	SUTORIUM ATRAMENTUM		
entry	SUTRATAR	0	
orth	SUTRATAR		
entry	SUTURA	7	
orth	SUTURA		
clique	Caput		
pb	57	0031	
clique	Pl. VIII. Vol. I. Fig		
pb	59	0032	
pb	61	0033	
clique	Labia leporina		
pb	63	0034	
clique	fig		
pb	65	0035	
pb	67	0036	
clique	Planche troisieme, figure		
clique	Figure		
pb	69	0037	
entry	SYALITA	0	
orth	SYALITA		
entry	SYCAMINOS	0	
orth	SYCAMINOS		
entry	SYCE	0	
orth	SYCE		
entry	SYCIA	0	
orth	SYCIA		
entry	SYCION	0	
orth	SYCION		
entry	SYCITES	0	
orth	SYCITES		
entry	SYCOMA	0	
orth	SYCOMA		
clique	Sycosis		
entry	SYCOMORUS	0	
orth	SYCOMORUS		
entry	SYCOSIS	1	
orth	SYCOSIS		
pb	71	0038	
entry	SYCOTA	0	
orth	SYCOTA		
entry	SYCOTON	0	
orth	SYCOTON		
entry	SYDIA	0	
orth	SYDIA		
entry	SYLETUM	0	
orth	SYLETUM		
entry	SYMBOLISMUS	0	
orth	SYMBOLISMUS		
entry	SYMBOLOGICE	0	
orth	SYMBOLOGICE		
entry	SYMPARATAXIS	0	
orth	SYMPARATAXIS		
entry	SYMPASMA	0	
orth	SYMPASMA		
entry	SYMPATHETICUS PULVIS	2	
orth	SYMPATHETICUS PULVIS		
pb	73	0039	
pb	75	0040	
entry	SYMPEPSIS	0	
orth	SYMPEPSIS		
entry	SYMPHONOS	0	
orth	SYMPHONOS		
entry	SYMPHORANEUROS	0	
orth	SYMPHORANEUROS		
entry	SYMPHYSIS	0	
orth	SYMPHYSIS		
entry	SYMPHYTUM	1	
orth	SYMPHYTUM		
pb	77	0041	
clique	Bellisnelnor		
entry	SYMPLESIASMOS	0	
orth	SYMPLESIASMOS		
entry	SYMPTOMA	1	
orth	SYMPTOMA		
pb	79	0042	
entry	SYMPTOSIS	0	
orth	SYMPTOSIS		
entry	SYNACTICOS	0	
orth	SYNACTICOS		
entry	SYNÆSTHESIS	0	
orth	SYNÆSTHESIS		
entry	SYNÆTION	0	
orth	SYNÆTION		
entry	SYNAGELASTICOS	0	
orth	SYNAGELASTICOS		
entry	SYNAGMA	0	
orth	SYNAGMA		
entry	SYNANASTOMOSIS	0	
orth	SYNANASTOMOSIS		
entry	SYNANCHE	0	
orth	SYNANCHE		
clique	Angsina		
entry	SYNARTHROSIS	0	
orth	SYNARTHROSIS		
clique	Articulatio		
entry	SYNCAMPE	0	
orth	SYNCAMPE		
entry	SYNCAUSIS	0	
orth	SYNCAUSIS		
entry	SYNCHONDROSIS	0	
orth	SYNCHONDROSIS		
entry	SYNCHRISMATA	0	
orth	SYNCHRISMATA		
entry	SYNCHYSIS	0	
orth	SYNCHYSIS		
entry	SYNCIPUT	0	
orth	SYNCIPUT		
entry	SYNCLEISIS	0	
orth	SYNCLEISIS		
entry	SYNCOMISTOS	1	
orth	SYNCOMISTOS		
pb	81	0043	
entry	SYNCOPE	5	
orth	SYNCOPE		
pb	83	0044	
pb	85	0045	
pb	87	0046	
pb	89	0047	
pb	91	0048	
entry	SYNCRIMATA	0	
orth	SYNCRIMATA		
entry	SYNCRISIS	0	
orth	SYNCRISIS		
entry	SYNCRITICA	0	
orth	SYNCRITICA		
entry	SYNCYRIA	0	
orth	SYNCYRIA		
entry	SYNDESIS	0	
orth	SYNDESIS		
entry	SYNDESMO-PHARYNGÆUS	0	
orth	SYNDESMO-PHARYNGÆUS		
clique	Pharynx		
entry	SYNDESMOS	0	
orth	SYNDESMOS		
clique	Ligamentum		
entry	SYNDESMOSIS	1	
orth	SYNDESMOSIS		
pb	93	0049	
entry	SYNDIACRISIS	0	
orth	SYNDIACRISIS		
entry	SYNDROME	0	
orth	SYNDROME		
entry	SYNDYASMOS	0	
orth	SYNDYASMOS		
entry	SYNECHES	0	
orth	SYNECHES		
clique	Synochos		
entry	SYNECTICON	0	
orth	SYNECTICON		
clique	Causa		
entry	SYNEDREUONTA	0	
orth	SYNEDREUONTA		
clique	Aissidens		
entry	SYNEILEMMENOS	0	
orth	SYNEILEMMENOS		
entry	SYNENDEICNYMENA	0	
orth	SYNENDEICNYMENA		
entry	SYNENOMENA	0	
orth	SYNENOMENA		
entry	SYNEREPHES	0	
orth	SYNEREPHES		
entry	SYNERGASMA	0	
orth	SYNERGASMA		
entry	SYNERXIS	0	
orth	SYNERXIS		
entry	SYNESTECOS	0	
orth	SYNESTECOS		
entry	SYNIDROSIS	0	
orth	SYNIDROSIS		
entry	SYNISTAMENOS	0	
orth	SYNISTAMENOS		
clique	Synestecos		
entry	SYNIZESIS	0	
orth	SYNIZESIS		
clique	Apocatastasis		
entry	SYNNEUROSIS	0	
orth	SYNNEUROSIS		
entry	SYNNOMA	0	
orth	SYNNOMA		
entry	SYNOCHA	0	
orth	SYNOCHA		
entry	SYNOCHOS	1	
orth	SYNOCHOS		
pb	95	0050	
entry	SYNOCOCHE	0	
orth	SYNOCOCHE		
entry	SYNOVIA	0	
orth	SYNOVIA		
entry	SYNTASIS	0	
orth	SYNTASIS		
clique	Chalasis & Chalacticon		
entry	SYNTAXIS	0	
orth	SYNTAXIS		
entry	SYNTENOSIS	0	
orth	SYNTENOSIS		
entry	SYNTEXIS	0	
orth	SYNTEXIS		
entry	SYNTHEMA	0	
orth	SYNTHEMA		
entry	SYNTHESIS	0	
orth	SYNTHESIS		
entry	SYNTHETISMUS	1	
orth	SYNTHETISMUS		
pb	97	0051	
entry	SYNTHETOS	0	
orth	SYNTHETOS		
entry	SYNTOMOS	0	
orth	SYNTOMOS		
entry	SYNTONIA	0	
orth	SYNTONIA		
entry	SYNTROPHOS	0	
orth	SYNTROPHOS		
entry	SYNULOTICON	0	
orth	SYNULOTICON		
entry	SYNYMENSIS	0	
orth	SYNYMENSIS		
entry	SYPHAR	0	
orth	SYPHAR		
clique	Exuviae		
entry	SYPHILIS	0	
orth	SYPHILIS		
clique	Stphellis		
entry	SYRIACON	0	
orth	SYRIACON		
clique	Tonsillae		
entry	SYRICON	0	
orth	SYRICON		
entry	SYRINGA	0	
orth	SYRINGA		
entry	SYRINGOTOMIA	0	
orth	SYRINGOTOMIA		
entry	SYRINGOTOMUM, SYRINGOTOMUS	0	
orth	SYRINGOTOMUM		
orth	SYRINGOTOMUS		
entry	SYRINX	0	
orth	SYRINX		
clique	Fistula		
entry	SYRIUS	0	
orth	SYRIUS		
entry	SYRMA	0	
orth	SYRMA		
entry	SYRMÆA	0	
orth	SYRMÆA		
entry	SYRMÆSMUS	0	
orth	SYRMÆSMUS		
entry	SYRONES	1	
orth	SYRONES		
clique	Sirenes		
pb	99	0052	
entry	SYRRHŒA	0	
orth	SYRRHŒA		
entry	SYRUPUS	8	
orth	SYRUPUS		
pb	101	0053	
pb	103	0054	
clique	Althaea		
clique	Balsamum Tolutanum		
clique	Caryophillus		
clique	Rhabarbarum		
clique	Citreum		
clique	Citreum		
clique	Crocus		
clique	Cydonia		
clique	Erysimums		
pb	105	0055	
pb	107	0056	
clique	Rosa		
pb	109	0057	
pb	111	0058	
pb	113	0059	
pb	115	0060	
clique	Clariflcaelo		
entry	SYSIRINCHIUM	0	
orth	SYSIRINCHIUM		
clique	Sifzyrrinchium		
entry	SYSSARCOSIS	0	
orth	SYSSARCOSIS		
entry	SYSTASIS	0	
orth	SYSTASIS		
entry	SYSTATHMOS	0	
orth	SYSTATHMOS		
entry	SYSTEMA	0	
orth	SYSTEMA		
entry	SYSTOLE	0	
orth	SYSTOLE		
clique	Cor		
entry	SYSTREMMA	0	
orth	SYSTREMMA		
pb	117	0061	
entry	T	0	
orth	T		
entry	TABACUM	0	
orth	TABACUM		
clique	Nicoelana		
entry	TABAISIR	0	
orth	TABAISIR		
entry	TABANUS, TABE, ASILUS	0	
orth	TABANUS		
orth	TABE		
orth	ASILUS		
entry	TABARZET	0	
orth	TABARZET		
entry	TABELLA	0	
orth	TABELLA		
entry	TABERNÆMONTANA	0	
orth	TABERNÆMONTANA		
entry	TABES DORSALIS	3	
orth	TABES DORSALIS		
pb	119	0062	
pb	121	0063	
clique	Gonorrhaea & Fluor albus		
pb	123	0064	
entry	TABULA	0	
orth	TABULA		
entry	TABULATUM	0	
orth	TABULATUM		
entry	TABUM	0	
orth	TABUM		
entry	TACAMAHACA	0	
orth	TACAMAHACA		
entry	TACHY, TACHEOS	0	
orth	TACHY		
orth	TACHEOS		
entry	TACTUS	1	
orth	TACTUS		
pb	125	0065	
entry	TÆDÆ	0	
orth	TÆDÆ		
clique	Dais		
entry	TÆNIA	0	
orth	TÆNIA		
clique	Vermes		
entry	TAGENITIS	0	
orth	TAGENITIS		
entry	TAGETES	1	
orth	TAGETES		
pb	127	0066	
entry	TAL	0	
orth	TAL		
entry	TALAGAS	0	
orth	TALAGAS		
clique	Palma		
entry	TALC	0	
orth	TALC		
entry	TALCUM	0	
orth	TALCUM		
entry	TALENTUM	0	
orth	TALENTUM		
entry	TALPA	0	
orth	TALPA		
entry	TALUS, ASTRAGALUS	0	
orth	TALUS		
orth	ASTRAGALUS		
entry	TAMANDUA	0	
orth	TAMANDUA		
entry	TAMARATONGA	0	
orth	TAMARATONGA		
clique	Carambolas		
entry	TAMARINDI	1	
orth	TAMARINDI		
pb	129	0067	
entry	TAMARISCUS	1	
orth	TAMARISCUS		
pb	131	0068	
entry	TAMARIX	0	
orth	TAMARIX		
clique	Tamariscus		
entry	TAMISON	0	
orth	TAMISON		
entry	TAMNUS	0	
orth	TAMNUS		
clique	Bryonia		
entry	TAMOATARANA	0	
orth	TAMOATARANA		
entry	TANACETUM	1	
orth	TANACETUM		
pb	133	0069	
entry	TANGARACA	0	
orth	TANGARACA		
entry	TANGE	0	
orth	TANGE		
entry	TANI	0	
orth	TANI		
entry	TANTALUS	0	
orth	TANTALUS		
entry	TAPHIUSIUS LAPIS	0	
orth	TAPHIUSIUS LAPIS		
entry	TAPHNEUS	0	
orth	TAPHNEUS		
entry	TAPIA	1	
orth	TAPIA		
pb	135	0070	
entry	TAPIRA PECIS	0	
orth	TAPIRA PECIS		
entry	TAPSIVALENTIA	0	
orth	TAPSIVALENTIA		
entry	TAPSUS BARBATUS	0	
orth	TAPSUS BARBATUS		
clique	Verbascum		
entry	TAPYRA-COAYNANA	0	
orth	TAPYRA-COAYNANA		
entry	TARACHE	0	
orth	TARACHE		
clique	Taraxis		
entry	TARANTISMUS	0	
orth	TARANTISMUS		
entry	TARANTULA	3	
orth	TARANTULA		
pb	137	0071	
pb	139	0072	
pb	141	0073	
entry	TARAXACUM	0	
orth	TARAXACUM		
entry	TARAXIS	0	
orth	TARAXIS		
entry	TARBASON, LARBASON	0	
orth	TARBASON		
orth	LARBASON		
entry	TARCHON	0	
orth	TARCHON		
entry	TARDA	0	
orth	TARDA		
clique	Otis		
entry	TARERIAYA	0	
orth	TARERIAYA		
entry	TARIROQUI	0	
orth	TARIROQUI		
entry	TARFATI, TARFE	0	
orth	TARFATI		
orth	TARFE		
entry	TARGAR	1	
orth	TARGAR		
pb	143	0074	
clique	Diatritos		
entry	TARITH	0	
orth	TARITH		
entry	TARSI	0	
orth	TARSI		
entry	TARSO	0	
orth	TARSO		
entry	TARSUS	0	
orth	TARSUS		
entry	TARTARHAN	0	
orth	TARTARHAN		
entry	TARTARUS	5	
orth	TARTARUS		
pb	145	0075	
pb	147	0076	
pb	149	0077	
pb	151	0078	
pb	153	0079	
entry	TARTON RAIRE	1	
orth	TARTON RAIRE		
pb	155	0080	
entry	TATURA	0	
orth	TATURA		
entry	TAUROCOLLA	0	
orth	TAUROCOLLA		
entry	TAURUS	0	
orth	TAURUS		
entry	TAXUS	1	
orth	TAXUS		
pb	157	0081	
entry	TEAPHIN	0	
orth	TEAPHIN		
entry	TECMARSIS	0	
orth	TECMARSIS		
entry	TECMERION	0	
orth	TECMERION		
entry	TECOLITHOS	0	
orth	TECOLITHOS		
entry	TECOMAXOCHITL	0	
orth	TECOMAXOCHITL		
entry	TEGANITES	0	
orth	TEGANITES		
entry	TEGULA HIBERNICA	1	
orth	TEGULA HIBERNICA		
pb	159	0082	
entry	TELA ARANEI	0	
orth	TELA ARANEI		
entry	TELAMONES	0	
orth	TELAMONES		
entry	TELEPHIOIDES	0	
orth	TELEPHIOIDES		
entry	TELEPHIUM	0	
orth	TELEPHIUM		
entry	TELESPHORUS	0	
orth	TELESPHORUS		
clique	Acesius 8c Æscuelapius		
entry	TELLINA	0	
orth	TELLINA		
entry	TELMA	0	
orth	TELMA		
entry	TELON	0	
orth	TELON		
entry	TELUM	3	
orth	TELUM		
pb	161	0083	
pb	163	0084	
pb	165	0085	
entry	TEMACHOS	0	
orth	TEMACHOS		
entry	TEMPERAMENTUM	0	
orth	TEMPERAMENTUM		
entry	TEMPRRANTIA	1	
orth	TEMPRRANTIA		
pb	167	0086	
entry	TEMPERIES	0	
orth	TEMPERIES		
entry	TEMPLUM SOSTRATI	0	
orth	TEMPLUM SOSTRATI		
entry	TEMPORA	0	
orth	TEMPORA		
entry	TEMPORALIS MUSCULUS	0	
orth	TEMPORALIS MUSCULUS		
clique	Capta		
entry	TENACULA	0	
orth	TENACULA		
entry	TENCHA	0	
orth	TENCHA		
entry	TENDO	0	
orth	TENDO		
clique	Vulnus		
clique	Phlebotomia		
entry	TENESMUS	1	
orth	TENESMUS		
pb	169	0087	
entry	TENGA	0	
orth	TENGA		
entry	TENON	0	
orth	TENON		
entry	TENONTAGRA	0	
orth	TENONTAGRA		
entry	TENONTOTROTI	0	
orth	TENONTOTROTI		
entry	TENOR	0	
orth	TENOR		
entry	TENSIO	0	
orth	TENSIO		
entry	TENSIVUS	0	
orth	TENSIVUS		
entry	TENSOR DIGITORUM	0	
orth	TENSOR DIGITORUM		
entry	TENTA	0	
orth	TENTA		
entry	TENTRHENIODES	0	
orth	TENTRHENIODES		
entry	TENTIGO	0	
orth	TENTIGO		
clique	Priapismus		
entry	TENTIO	0	
orth	TENTIO		
clique	Tensio		
entry	TENTIPELLUM	0	
orth	TENTIPELLUM		
entry	TENUANS, ATTENUANS	0	
orth	TENUANS		
orth	ATTENUANS		
entry	TENXIS	0	
orth	TENXIS		
entry	TEPHRICON	0	
orth	TEPHRICON		
clique	Spodicurn		
entry	TEPHRION	0	
orth	TEPHRION		
entry	TEPIDARIUM	0	
orth	TEPIDARIUM		
entry	TEPIDUS	0	
orth	TEPIDUS		
clique	ChUaros		
entry	TERAGONILICA	0	
orth	TERAGONILICA		
entry	TEREBELLA	0	
orth	TEREBELLA		
entry	TEREBENTHINA	0	
orth	TEREBENTHINA		
clique	Balsamum		
entry	TEREBINTHUS	3	
orth	TEREBINTHUS		
pb	171	0088	
pb	173	0089	
pb	175	0090	
entry	TEREBOTIN	0	
orth	TEREBOTIN		
entry	TEREBRA	0	
orth	TEREBRA		
entry	TEREDO	0	
orth	TEREDO		
entry	TEREGAM	0	
orth	TEREGAM		
entry	TERENGIBIL	0	
orth	TERENGIBIL		
entry	TERES MAJOR	1	
orth	TERES MAJOR		
pb	177	0091	
entry	TERETRON	0	
orth	TERETRON		
entry	TERFEZ	0	
orth	TERFEZ		
entry	TERMINTHI	1	
orth	TERMINTHI		
clique	Epinyctus		
pb	179	0092	
entry	TERNA	0	
orth	TERNA		
entry	TERNATEA	0	
orth	TERNATEA		
entry	TERNIABIN	0	
orth	TERNIABIN		
entry	TERRA	4	
orth	TERRA		
clique	Analysis		
pb	181	0093	
clique	Clibanus		
pb	183	0094	
pb	185	0095	
clique	Pnigites		
pb	187	0096	
entry	TERRIFICATIO	0	
orth	TERRIFICATIO		
entry	TERROR	0	
orth	TERROR		
entry	TERTHRON	0	
orth	TERTHRON		
entry	TERTIANA FEBRIS	7	
orth	TERTIANA FEBRIS		
pb	189	0097	
pb	191	0098	
pb	193	0099	
pb	195	0100	
pb	197	0101	
pb	199	0102	
pb	201	0103	
entry	TERTIANARIA	0	
orth	TERTIANARIA		
clique	Casesida		
entry	TERTIAS	0	
orth	TERTIAS		
entry	TERTIUM SAL	0	
orth	TERTIUM SAL		
entry	TESSELLÆ	0	
orth	TESSELLÆ		
entry	TESSERÆ OS	0	
orth	TESSERÆ OS		
entry	TESTA	0	
orth	TESTA		
entry	TESTES	0	
orth	TESTES		
entry	TESTICULI	0	
orth	TESTICULI		
clique	Manama		
entry	TESTICULUS MORIONUS	0	
orth	TESTICULUS MORIONUS		
entry	TESTUACEUS, TESTUACEUS PANIS	0	
orth	TESTUACEUS		
orth	TESTUACEUS PANIS		
entry	TESTUDO TERRESTRIS	1	
orth	TESTUDO TERRESTRIS		
pb	203	0104	
entry	TETANUS	3	
orth	TETANUS		
pb	205	0105	
pb	207	0106	
pb	209	0107	
entry	TETARTÆUS	0	
orth	TETARTÆUS		
entry	TETHALASSOMENOS	0	
orth	TETHALASSOMENOS		
entry	ΤΕΤΗΥΙΑ, TETHÆA	0	
orth	ΤΕΤΗΥΙΑ		
orth	TETHÆA		
entry	TETLATIAM	0	
orth	TETLATIAM		
entry	TETRABIT	0	
orth	TETRABIT		
entry	TETRADRACHMON	0	
orth	TETRADRACHMON		
entry	TETRAGNATHUS	1	
orth	TETRAGNATHUS		
pb	211	0108	
entry	TETRAGONIA	0	
orth	TETRAGONIA		
entry	TETRAGONOCARPOS	0	
orth	TETRAGONOCARPOS		
entry	TETRAGONON	0	
orth	TETRAGONON		
entry	TETRAMYRON	0	
orth	TETRAMYRON		
entry	TETRAO	0	
orth	TETRAO		
entry	TETRAPHARMACON	0	
orth	TETRAPHARMACON		
entry	TETRESARIUS	0	
orth	TETRESARIUS		
entry	TETROBOLON	0	
orth	TETROBOLON		
entry	TETRORON	0	
orth	TETRORON		
clique	Qtatrio		
entry	TETY-POTE-IBA	0	
orth	TETY-POTE-IBA		
entry	TEUCHOS	0	
orth	TEUCHOS		
entry	TEUCRIUM	0	
orth	TEUCRIUM		
entry	TEUTHROBANON	1	
orth	TEUTHROBANON		
pb	213	0109	
entry	TEUTLON	0	
orth	TEUTLON		
entry	TEUTLOPHACE	0	
orth	TEUTLOPHACE		
entry	TEXOCTLIFERA	0	
orth	TEXOCTLIFERA		
entry	TEXTURA	0	
orth	TEXTURA		
entry	THACOS	0	
orth	THACOS		
entry	THAIS	0	
orth	THAIS		
entry	THALAME	0	
orth	THALAME		
entry	THALAMUS	0	
orth	THALAMUS		
entry	THALASSERON	0	
orth	THALASSERON		
entry	THALASSITES	0	
orth	THALASSITES		
clique	Tethalasseomenos		
entry	THALASSOMELI	0	
orth	THALASSOMELI		
entry	THALEROS	0	
orth	THALEROS		
clique	Tholeron		
entry	THALICTRUM	1	
orth	THALICTRUM		
pb	215	0110	
entry	THALLIA, THALLOS	0	
orth	THALLIA		
orth	THALLOS		
entry	THALPOS	0	
orth	THALPOS		
entry	THALPSIS	0	
orth	THALPSIS		
entry	THAMAR	0	
orth	THAMAR		
entry	THAMARINDUS	0	
orth	THAMARINDUS		
entry	THAMATICA	0	
orth	THAMATICA		
clique	Thauma		
entry	THAMES, THAMINOS	0	
orth	THAMES		
orth	THAMINOS		
clique	Lora		
entry	THAPHNEUS	0	
orth	THAPHNEUS		
entry	THAPSIA	1	
orth	THAPSIA		
pb	217	0111	
entry	THAPSUS	0	
orth	THAPSUS		
clique	Tapfus Barbatus		
entry	THARRAS	0	
orth	THARRAS		
entry	THAUMA	0	
orth	THAUMA		
entry	THEA	1	
orth	THEA		
pb	219	0112	
entry	THECA	0	
orth	THECA		
entry	THEE	0	
orth	THEE		
entry	THEATRICOS	0	
orth	THEATRICOS		
entry	THEION	0	
orth	THEION		
entry	THEKA	1	
orth	THEKA		
pb	221	0113	
entry	THELE	0	
orth	THELE		
entry	THELYGONOS	0	
orth	THELYGONOS		
entry	THELYPTERIS	0	
orth	THELYPTERIS		
entry	THENAR	0	
orth	THENAR		
entry	THEODORETOS	0	
orth	THEODORETOS		
entry	THEODORICON	0	
orth	THEODORICON		
entry	THEODOTIA	0	
orth	THEODOTIA		
entry	THEOPEMPTOS	0	
orth	THEOPEMPTOS		
entry	THEOPHRASTICI	0	
orth	THEOPHRASTICI		
entry	THEORIA	0	
orth	THEORIA		
entry	THEOXENI MALAGMA	0	
orth	THEOXENI MALAGMA		
entry	THERÆUS	1	
orth	THERÆUS		
pb	223	0114	
entry	THERAPEIA	0	
orth	THERAPEIA		
entry	THERAPEUTICE	0	
orth	THERAPEUTICE		
entry	THERENIABIN	0	
orth	THERENIABIN		
entry	THERIACA	0	
orth	THERIACA		
entry	THERIACE	3	
orth	THERIACE		
pb	225	0115	
pb	227	0116	
clique	Andrornachus		
clique	Diatesseron		
pb	229	0117	
entry	THERINOS	0	
orth	THERINOS		
entry	THERIODES	0	
orth	THERIODES		
clique	Delirium		
entry	THERIOMA	0	
orth	THERIOMA		
entry	THERION	0	
orth	THERION		
entry	THERIOTOME	0	
orth	THERIOTOME		
entry	THERMÆ	24	
orth	THERMÆ		
pb	231	0118	
pb	233	0119	
pb	235	0120	
pb	237	0121	
pb	239	0122	
pb	241	0123	
pb	243	0124	
pb	245	0125	
pb	247	0126	
pb	249	0127	
pb	251	0128	
pb	253	0129	
pb	255	0130	
pb	257	0131	
pb	259	0132	
pb	261	0133	
pb	263	0134	
pb	265	0135	
clique	Barege		
pb	267	0136	
pb	269	0137	
pb	271	0138	
clique	Traité des eaux de Prisse! et de Premeaux		
pb	273	0139	
pb	275	0140	
pb	277	0141	
entry	THERMOS	0	
orth	THERMOS		
entry	THERMOSCOPIUM	0	
orth	THERMOSCOPIUM		
entry	THERMOSPODIA	0	
orth	THERMOSPODIA		
entry	THEROS	0	
orth	THEROS		
entry	THESIS	0	
orth	THESIS		
entry	THESPIANA, THESPESIANA	0	
orth	THESPIANA		
orth	THESPESIANA		
entry	THESSALICUM SEDILE	0	
orth	THESSALICUM SEDILE		
entry	THEOU CHEIR	0	
orth	THEOU CHEIR		
entry	THEXIS	0	
orth	THEXIS		
entry	THISMA	0	
orth	THISMA		
entry	THLASIAS	0	
orth	THLASIAS		
entry	THLASIS, THLASMA	0	
orth	THLASIS		
orth	THLASMA		
entry	THLASPI	1	
orth	THLASPI		
pb	279	0142	
clique	Barja pastoris		
entry	THLASPIDIUM	1	
orth	THLASPIDIUM		
pb	281	0143	
entry	THLIBIÆ	0	
orth	THLIBIÆ		
entry	THLIPSIS	0	
orth	THLIPSIS		
entry	THOCOS	0	
orth	THOCOS		
clique	Thacos		
entry	THOLEROS	0	
orth	THOLEROS		
clique	Thaleros		
entry	THOLOS	0	
orth	THOLOS		
entry	THORA	0	
orth	THORA		
entry	THORACICA	0	
orth	THORACICA		
entry	THORAX	19	
orth	THORAX		
pb	283	0144	
clique	Pleura		
clique	Thymus		
clique	Cor		
clique	Pulmones		
clique	(ILsophagus		
pb	285	0145	
pb	287	0146	
pb	289	0147	
pb	291	0148	
pb	293	0149	
pb	295	0150	
pb	297	0151	
pb	299	0152	
pb	301	0153	
pb	303	0154	
pb	305	0155	
pb	307	0156	
pb	309	0157	
pb	311	0158	
pb	313	0159	
pb	315	0160	
pb	317	0161	
pb	319	0162	
entry	THOREXIS	0	
orth	THOREXIS		
entry	THOROS	0	
orth	THOROS		
entry	THORYBOS	0	
orth	THORYBOS		
entry	THRACIUS LAPIS	0	
orth	THRACIUS LAPIS		
entry	THRANOS	0	
orth	THRANOS		
entry	THRASI	0	
orth	THRASI		
entry	THRASOS	0	
orth	THRASOS		
entry	THRAUSMA	0	
orth	THRAUSMA		
entry	THRINCOS	0	
orth	THRINCOS		
entry	THRISSA	0	
orth	THRISSA		
entry	THRIX	0	
orth	THRIX		
entry	THROMBOS	0	
orth	THROMBOS		
entry	THRONOS	0	
orth	THRONOS		
entry	THRONUS MARCELLIUS	0	
orth	THRONUS MARCELLIUS		
entry	THRYALLIS	0	
orth	THRYALLIS		
entry	THUNNUS	1	
orth	THUNNUS		
pb	321	0163	
entry	THUREÆ GLANDULÆ	0	
orth	THUREÆ GLANDULÆ		
clique	Tolles		
entry	THUS	0	
orth	THUS		
clique	Olibanum		
entry	THUYA	0	
orth	THUYA		
clique	Arbor vitae		
entry	THYE	0	
orth	THYE		
entry	THYEMA	0	
orth	THYEMA		
entry	THYITES LAPIS	0	
orth	THYITES LAPIS		
entry	THYLACOS, THYLACION	0	
orth	THYLACOS		
orth	THYLACION		
entry	THYMA	0	
orth	THYMA		
entry	THYMALLUS	0	
orth	THYMALLUS		
clique	Asclela		
entry	THYMBRA	0	
orth	THYMBRA		
clique	Mastichina		
entry	THYMELÆA	2	
orth	THYMELÆA		
pb	323	0164	
pb	325	0165	
entry	THYMIAMA	0	
orth	THYMIAMA		
entry	THYMION	0	
orth	THYMION		
entry	THYMITES	0	
orth	THYMITES		
entry	THYMOXALME	0	
orth	THYMOXALME		
clique	Acetum		
entry	THYMUS	2	
orth	THYMUS		
pb	327	0166	
pb	329	0167	
entry	THYNNUS	0	
orth	THYNNUS		
entry	THYROARETHENOIDEI MUSCULI	0	
orth	THYROARETHENOIDEI MUSCULI		
entry	THYROIDEÆ GLANDULÆ	0	
orth	THYROIDEÆ GLANDULÆ		
entry	THYROIDES	0	
orth	THYROIDES		
entry	THYROPHARYNGÆI MUSCULI	0	
orth	THYROPHARYNGÆI MUSCULI		
entry	THYROSTAPHILINI MUSCULI	0	
orth	THYROSTAPHILINI MUSCULI		
entry	THYRSUS	0	
orth	THYRSUS		
entry	THYSSELINUM	0	
orth	THYSSELINUM		
clique	Apium		
entry	TIBERIANUM TORMENTUM	0	
orth	TIBERIANUM TORMENTUM		
entry	TIBIA	0	
orth	TIBIA		
entry	TIBIÆUS	0	
orth	TIBIÆUS		
entry	TIBIALIS	1	
orth	TIBIALIS		
clique	Plantaris		
pb	331	0168	
entry	TIBURO	0	
orth	TIBURO		
entry	TIFACOUM	0	
orth	TIFACOUM		
entry	TIFATUM	0	
orth	TIFATUM		
entry	TIGALA	0	
orth	TIGALA		
entry	TIGILLUM	0	
orth	TIGILLUM		
entry	TIGRIS	0	
orth	TIGRIS		
entry	TILIA	1	
orth	TILIA		
pb	333	0169	
entry	TIMÆI COMPOSITIO AD IGNEM SACRUM, CANCRUM	0	
orth	TIMÆI COMPOSITIO AD IGNEM SACRUM		
orth	CANCRUM		
entry	TIMARTIRI	0	
orth	TIMARTIRI		
entry	TIMBO	0	
orth	TIMBO		
clique	Gttaiana		
entry	TIN	0	
orth	TIN		
entry	TINA	0	
orth	TINA		
entry	TINCA	0	
orth	TINCA		
entry	TINCAR	0	
orth	TINCAR		
clique	Borax		
entry	TINCONES	0	
orth	TINCONES		
entry	TINCTORIA ARBOR	0	
orth	TINCTORIA ARBOR		
entry	TINCTORIUS FLOS	0	
orth	TINCTORIUS FLOS		
entry	TINCTURA	6	
orth	TINCTURA		
pb	335	0170	
pb	337	0171	
clique	Aurum		
clique	Benzoinum		
clique	Cantharides		
pb	339	0172	
clique	Corallium		
clique	Crocus		
clique	Mars		
clique	Guaiacum		
clique	Helleborus		
clique	Hyerapicra		
clique	Jujuba Indica		
clique	Mars		
clique	Mars		
clique	Mars		
clique	Mars		
clique	Helleborus		
clique	Mel		
clique	Metallum		
clique	Myrrha		
pb	341	0173	
pb	343	0174	
clique	Hierapicra		
clique	Tartarus		
clique	Tartarus		
clique	Scammonium		
clique	Tartarus		
pb	345	0175	
entry	TINDA PARVA	0	
orth	TINDA PARVA		
entry	TINEA	0	
orth	TINEA		
clique	Achor		
entry	TINEARIA	0	
orth	TINEARIA		
entry	TINIARIA	0	
orth	TINIARIA		
entry	TINKAR	0	
orth	TINKAR		
entry	TINNITUS AURIUM	0	
orth	TINNITUS AURIUM		
entry	TINNUNCULUS	0	
orth	TINNUNCULUS		
entry	TINTINNABULUM	0	
orth	TINTINNABULUM		
entry	TINUS	1	
orth	TINUS		
pb	347	0176	
entry	TIPI	0	
orth	TIPI		
entry	TIPIOCA	0	
orth	TIPIOCA		
clique	Manihot		
entry	TIPSARIA	0	
orth	TIPSARIA		
entry	TIPULA	0	
orth	TIPULA		
entry	TIRUCALLI	0	
orth	TIRUCALLI		
entry	TITANOKERATOPHYTON	0	
orth	TITANOKERATOPHYTON		
entry	TITANOS	0	
orth	TITANOS		
entry	TITHYMALOIDES	0	
orth	TITHYMALOIDES		
entry	TITHYMALUS	5	
orth	TITHYMALUS		
pb	349	0177	
pb	351	0178	
pb	353	0179	
pb	355	0180	
pb	357	0181	
entry	TITHYMELÆA	0	
orth	TITHYMELÆA		
entry	TITIANOS	0	
orth	TITIANOS		
entry	TITILLARES VENÆ	0	
orth	TITILLARES VENÆ		
entry	TITILLICUM	0	
orth	TITILLICUM		
entry	TITTHOS	0	
orth	TITTHOS		
entry	TLACHICHINOA PATLAHOAC	0	
orth	TLACHICHINOA PATLAHOAC		
entry	TLA-ALLI	0	
orth	TLA-ALLI		
entry	TLAPALCOCATLI	0	
orth	TLAPALCOCATLI		
entry	TLAPALTE	0	
orth	TLAPALTE		
entry	TLATLANCUAYE	0	
orth	TLATLANCUAYE		
entry	TLEON	0	
orth	TLEON		
entry	TLILZOCHITL	0	
orth	TLILZOCHITL		
clique	Vanilia		
entry	TMOLITES	0	
orth	TMOLITES		
entry	TODDA-PANNA	0	
orth	TODDA-PANNA		
entry	TOETICA	0	
orth	TOETICA		
entry	TOLLES, TOLES, TOLÆ	0	
orth	TOLLES		
orth	TOLES		
orth	TOLÆ		
entry	TOLUTANUM BALSAMUM	0	
orth	TOLUTANUM BALSAMUM		
entry	TOMAHUACTLI COPATLI	0	
orth	TOMAHUACTLI COPATLI		
entry	TOMEION	0	
orth	TOMEION		
entry	TOMINEIO	0	
orth	TOMINEIO		
entry	TOMOTOCIA	0	
orth	TOMOTOCIA		
pb	359	0182	
entry	TONDI-TEREGAM	0	
orth	TONDI-TEREGAM		
entry	TONICOS	0	
orth	TONICOS		
entry	TONITRU	0	
orth	TONITRU		
entry	TONOS	0	
orth	TONOS		
entry	TONSILLÆ	2	
orth	TONSILLÆ		
pb	361	0183	
clique	Pl. I. Vol. II. figure		
pb	363	0184	
entry	TONSORIS EMPLASTRUM	0	
orth	TONSORIS EMPLASTRUM		
clique	Emplastrum		
entry	TOPAZIUS	0	
orth	TOPAZIUS		
entry	TOPHUS	0	
orth	TOPHUS		
entry	TOPICA	8	
orth	TOPICA		
pb	365	0185	
pb	367	0186	
pb	369	0187	
pb	371	0188	
pb	373	0189	
pb	375	0190	
pb	377	0191	
pb	379	0192	
entry	TOPINARIA	0	
orth	TOPINARIA		
clique	Talpa		
entry	TORCULAR HEROPHILI	1	
orth	TORCULAR HEROPHILI		
clique	lett. L, M, N		
pb	381	0193	
entry	TORDYLIUM	1	
orth	TORDYLIUM		
pb	383	0194	
entry	TORMENTILLA	0	
orth	TORMENTILLA		
entry	TORMENTUM	0	
orth	TORMENTUM		
entry	TORMINA	0	
orth	TORMINA		
entry	TORNA SOLIS	0	
orth	TORNA SOLIS		
clique	Heliotropium		
entry	TORNATA	0	
orth	TORNATA		
entry	TORNESOL	0	
orth	TORNESOL		
clique	Heliotropium		
entry	TORNEUMATA	0	
orth	TORNEUMATA		
entry	TORPEDO	0	
orth	TORPEDO		
entry	TORPOR	1	
orth	TORPOR		
pb	385	0195	
entry	TORQUILLA	0	
orth	TORQUILLA		
entry	TORQUES, TORQUIS	0	
orth	TORQUES		
orth	TORQUIS		
entry	TORREFACTIO	0	
orth	TORREFACTIO		
entry	TORSIONES	0	
orth	TORSIONES		
entry	TORTA	0	
orth	TORTA		
entry	TORTIO	0	
orth	TORTIO		
entry	TORTUALIS FACIES	0	
orth	TORTUALIS FACIES		
entry	TORTURA	0	
orth	TORTURA		
entry	TORUSCULA	0	
orth	TORUSCULA		
entry	TORYBETHRUM	0	
orth	TORYBETHRUM		
entry	TORYNE	0	
orth	TORYNE		
entry	TORYNETOS	0	
orth	TORYNETOS		
entry	TOSTIO	0	
orth	TOSTIO		
entry	TOTA BONA	0	
orth	TOTA BONA		
entry	TOTANUS	0	
orth	TOTANUS		
entry	TOTOCIFERA ARBOR	0	
orth	TOTOCIFERA ARBOR		
entry	TOXICODENDRON	1	
orth	TOXICODENDRON		
pb	387	0196	
entry	TOXICON	0	
orth	TOXICON		
entry	TRACHEA ARTERIA	0	
orth	TRACHEA ARTERIA		
clique	Pulmones		
entry	TRACHELAGRA	0	
orth	TRACHELAGRA		
entry	TRACHELIUM	0	
orth	TRACHELIUM		
entry	TRACHELO-MASTOIDÆUS	0	
orth	TRACHELO-MASTOIDÆUS		
entry	TRACHELOS	0	
orth	TRACHELOS		
entry	TRACHEOTOMIA	0	
orth	TRACHEOTOMIA		
clique	Angsina		
entry	TRACHOMA	1	
orth	TRACHOMA		
pb	389	0197	
entry	TRACHOMATION	0	
orth	TRACHOMATION		
entry	TRACHSAT	0	
orth	TRACHSAT		
entry	TRACHURUS	0	
orth	TRACHURUS		
entry	TRAGACANTHA	0	
orth	TRAGACANTHA		
entry	POTERIUM	1	
orth	POTERIUM		
pb	391	0198	
entry	TRAGANOS	0	
orth	TRAGANOS		
entry	TRAGASIUS	0	
orth	TRAGASIUS		
entry	TRAGEA	0	
orth	TRAGEA		
entry	TRAGEMA	0	
orth	TRAGEMA		
entry	TRAGI, TRASI	0	
orth	TRAGI		
orth	TRASI		
entry	TRAGIA	0	
orth	TRAGIA		
entry	TRAGIUM	0	
orth	TRAGIUM		
entry	TRAGIUM ALTERUM	0	
orth	TRAGIUM ALTERUM		
entry	TRAGOCEROS	0	
orth	TRAGOCEROS		
entry	TRAGOPOGON	1	
orth	TRAGOPOGON		
pb	393	0199	
entry	TRAGOPYRUM	0	
orth	TRAGOPYRUM		
entry	TRAGORCHIS	0	
orth	TRAGORCHIS		
clique	Orchis		
entry	TRAGORIGANUM	0	
orth	TRAGORIGANUM		
entry	TRAGOSELINUM	1	
orth	TRAGOSELINUM		
pb	395	0200	
entry	TRAGUS	1	
orth	TRAGUS		
pb	397	0201	
clique	Auris		
entry	TRAGUS SPINOSUS	0	
orth	TRAGUS SPINOSUS		
entry	TRAMIS	1	
orth	TRAMIS		
clique	Figure		
pb	399	0202	
entry	TRANSLATIO	0	
orth	TRANSLATIO		
entry	TRANSPIRATIO	0	
orth	TRANSPIRATIO		
entry	TRANSPLANTATIO	0	
orth	TRANSPLANTATIO		
entry	TRANSVERSALES MUSCULI	1	
orth	TRANSVERSALES MUSCULI		
clique	Abdomen		
clique	Inter Transuersales		
clique	ses		
clique	Spinales		
pb	401	0203	
clique	Serai-spin ali s		
clique	Sacer		
entry	TRAPESIUS MUSCULUS	0	
orth	TRAPESIUS MUSCULUS		
clique	Cucul		
entry	TRASI	0	
orth	TRASI		
clique	Tragi		
entry	TRAUMA	0	
orth	TRAUMA		
clique	Vulnus		
entry	TRAUMATICA	0	
orth	TRAUMATICA		
clique	Astringentia		
entry	TRAUMATICUM DECOCTUM	0	
orth	TRAUMATICUM DECOCTUM		
entry	TRECHON	0	
orth	TRECHON		
entry	TRECHYSMA	0	
orth	TRECHYSMA		
entry	TREMATE	0	
orth	TREMATE		
entry	TREMOR	0	
orth	TREMOR		
clique	siyretos		
entry	TREPANATIO	0	
orth	TREPANATIO		
clique	Caput		
entry	TREPANUM	0	
orth	TREPANUM		
clique	Terebella		
entry	TREPONDO	0	
orth	TREPONDO		
entry	TRIANGULARIS	0	
orth	TRIANGULARIS		
clique	Sterno-costales		
entry	TRIANGULUS	0	
orth	TRIANGULUS		
clique	Trigonos		
entry	TRIBADES	0	
orth	TRIBADES		
clique	Malthacos		
entry	TRIBE	1	
orth	TRIBE		
pb	403	0204	
entry	TRIBOS	0	
orth	TRIBOS		
entry	TRIBULUS	0	
orth	TRIBULUS		
entry	TRICA LUMBORUM	0	
orth	TRICA LUMBORUM		
entry	TRICAUDALIS	0	
orth	TRICAUDALIS		
entry	TRICEPS	1	
orth	TRICEPS		
pb	405	0205	
entry	TRICHIASIS	0	
orth	TRICHIASIS		
entry	TRICHIASIS	0	
orth	TRICHIASIS		
entry	TRICHOMANES	1	
orth	TRICHOMANES		
pb	407	0206	
entry	TRICHOPHYES	0	
orth	TRICHOPHYES		
entry	TRICHOPHYLLON	0	
orth	TRICHOPHYLLON		
entry	TRICHOSIS	0	
orth	TRICHOSIS		
entry	TRICHOTON	0	
orth	TRICHOTON		
entry	TRICOCCOS	0	
orth	TRICOCCOS		
entry	TRICOR	0	
orth	TRICOR		
entry	TRICOTYLOS	0	
orth	TRICOTYLOS		
entry	TRICUSPIDES VALVULÆ	0	
orth	TRICUSPIDES VALVULÆ		
clique	Cor		
entry	TRIDACTYLES	0	
orth	TRIDACTYLES		
entry	TRIENS	0	
orth	TRIENS		
entry	TRIFOLIATA PALUDOSA	0	
orth	TRIFOLIATA PALUDOSA		
entry	TRIFOLIUM	2	
orth	TRIFOLIUM		
pb	409	0207	
pb	411	0208	
clique	Melilotus & Lotus		
clique	Acetosclla		
entry	TRIGLA	0	
orth	TRIGLA		
entry	TRIGLOCHINES	0	
orth	TRIGLOCHINES		
entry	TRIGONA	0	
orth	TRIGONA		
entry	TRIGONOS	0	
orth	TRIGONOS		
entry	TRIMESTRIS	0	
orth	TRIMESTRIS		
entry	TRINCIATELLA	0	
orth	TRINCIATELLA		
entry	TRINITAS	0	
orth	TRINITAS		
entry	TRIOBOLON	0	
orth	TRIOBOLON		
entry	TRIOMPHYLLON	0	
orth	TRIOMPHYLLON		
entry	TRIOPHYLLUS ANTIDOTUS	0	
orth	TRIOPHYLLUS ANTIDOTUS		
entry	TRIORCHIS	0	
orth	TRIORCHIS		
entry	TRIORCHIS	0	
orth	TRIORCHIS		
entry	TRIOSTEOSPERMUM	0	
orth	TRIOSTEOSPERMUM		
entry	TRIPALE	0	
orth	TRIPALE		
clique	Kandel		
entry	TRIPETALI FLORES	0	
orth	TRIPETALI FLORES		
entry	TRIPHYLLON	0	
orth	TRIPHYLLON		
entry	TRIPLOIDES	0	
orth	TRIPLOIDES		
clique	Caput		
entry	TRIPOLIS	0	
orth	TRIPOLIS		
entry	TRIPOLITANA TERRA	0	
orth	TRIPOLITANA TERRA		
clique	Alana terra		
entry	TRIPOLIUM	1	
orth	TRIPOLIUM		
pb	413	0209	
entry	TRIQUETRA OSSA	0	
orth	TRIQUETRA OSSA		
entry	TRISCA, TRISCHA, TRISSIA	0	
orth	TRISCA		
orth	TRISCHA		
orth	TRISSIA		
clique	M’istela		
entry	TRISPASTUM APELLIDIS, ARCHIMEDIS	0	
orth	TRISPASTUM APELLIDIS		
orth	ARCHIMEDIS		
entry	TRISPERMUM	0	
orth	TRISPERMUM		
entry	TRISSAGO	0	
orth	TRISSAGO		
clique	Chamaedris		
entry	TRISTITIA	0	
orth	TRISTITIA		
entry	TRISTO	0	
orth	TRISTO		
entry	TRISULCÆ	0	
orth	TRISULCÆ		
entry	TRITÆOPHYES	0	
orth	TRITÆOPHYES		
entry	TRITÆOS	0	
orth	TRITÆOS		
entry	TRITARII	0	
orth	TRITARII		
clique	Dia		
entry	TRITICOSPELTUM	0	
orth	TRITICOSPELTUM		
entry	TRITICUM	2	
orth	TRITICUM		
pb	415	0210	
pb	417	0211	
entry	TRITIO	0	
orth	TRITIO		
entry	TRITOMA	0	
orth	TRITOMA		
entry	TRITORIUM	0	
orth	TRITORIUM		
entry	TRITURA	0	
orth	TRITURA		
entry	TRITURATIO	0	
orth	TRITURATIO		
entry	TRIUMFETTA	1	
orth	TRIUMFETTA		
pb	419	0212	
entry	TRIXAGO	0	
orth	TRIXAGO		
clique	Charnaedrys		
entry	TROCHANTERES	0	
orth	TROCHANTERES		
entry	TROCHILODES	0	
orth	TROCHILODES		
entry	TROCHISCI	4	
orth	TROCHISCI		
clique	Alexiteria		
clique	Alhandal		
clique	Aliptae		
clique	Alkekpéngiel		
pb	421	0213	
clique	Bechica		
clique	Bechica		
clique	Cyphi		
pb	423	0214	
clique	Hedychroi		
pb	425	0215	
clique	Sief de Plumbo		
clique	Scilla		
clique	TROCHISCI STOMACHICI		
clique	Sief de Thures		
pb	427	0216	
entry	TROCHITES	0	
orth	TROCHITES		
entry	TROCHLEA	0	
orth	TROCHLEA		
entry	TROCHLEARIS MUSCULUS	0	
orth	TROCHLEARIS MUSCULUS		
clique	Oculus		
entry	TROCHOIDES	0	
orth	TROCHOIDES		
entry	TROCHOS	0	
orth	TROCHOS		
entry	TROCHUS	0	
orth	TROCHUS		
entry	TROCTOS	0	
orth	TROCTOS		
entry	TROGLE	0	
orth	TROGLE		
entry	TROGLODITES	0	
orth	TROGLODITES		
entry	TROGLODYTICA MYRRHA	0	
orth	TROGLODYTICA MYRRHA		
entry	TROLLUS FLOS	0	
orth	TROLLUS FLOS		
entry	TRONOS, TRONOSSA	0	
orth	TRONOS		
orth	TRONOSSA		
entry	TROPHIODES	0	
orth	TROPHIODES		
entry	TROPHOS	0	
orth	TROPHOS		
entry	TROPICUS MORBUS	0	
orth	TROPICUS MORBUS		
entry	TROXIMOS	0	
orth	TROXIMOS		
entry	TRUNCULI	1	
orth	TRUNCULI		
pb	429	0217	
entry	TRUTTA	0	
orth	TRUTTA		
entry	TRYBION	0	
orth	TRYBION		
entry	TRYBLION	0	
orth	TRYBLION		
entry	TRYCHOS	0	
orth	TRYCHOS		
entry	TRYGE	0	
orth	TRYGE		
entry	TRYGEPHANIOS	0	
orth	TRYGEPHANIOS		
entry	TRYGIS	1	
orth	TRYGIS		
pb	431	0218	
entry	TRYGODES	0	
orth	TRYGODES		
entry	TRYPANON	0	
orth	TRYPANON		
entry	TRYPHEROS	1	
orth	TRYPHEROS		
pb	433	0219	
entry	TRYPHONIS EMPLASTRUM	0	
orth	TRYPHONIS EMPLASTRUM		
entry	TRYPHOS	0	
orth	TRYPHOS		
entry	TRYX	0	
orth	TRYX		
entry	TSHINKA	0	
orth	TSHINKA		
entry	TSJAKELA	2	
orth	TSJAKELA		
pb	435	0220	
pb	437	0221	
entry	TSJAMBOU	0	
orth	TSJAMBOU		
clique	Jambos		
entry	TSIAPANGAM	0	
orth	TSIAPANGAM		
clique	Lignum Campesicdmrm		
entry	TSIELA	0	
orth	TSIELA		
entry	TSJEM-TANI	0	
orth	TSJEM-TANI		
entry	TSJERIAM-COTTAM	0	
orth	TSJERIAM-COTTAM		
entry	TSJEROM-CARA	0	
orth	TSJEROM-CARA		
entry	TSJOCATTI	1	
orth	TSJOCATTI		
pb	439	0222	
entry	TUBA	0	
orth	TUBA		
clique	Auris		
entry	TUBÆ FALLOPIANÆ	0	
orth	TUBÆ FALLOPIANÆ		
entry	TUBEL	0	
orth	TUBEL		
entry	TUBELECH	0	
orth	TUBELECH		
entry	TUBERA	0	
orth	TUBERA		
entry	TUBERARIA MAJOR	0	
orth	TUBERARIA MAJOR		
entry	TUBERCULUM	0	
orth	TUBERCULUM		
clique	Auris		
clique	Oculus		
clique	Vagina		
entry	TUBEROSA	0	
orth	TUBEROSA		
entry	TUBULARIA	0	
orth	TUBULARIA		
entry	TUBULI	0	
orth	TUBULI		
entry	TUBULUS MARINUS	0	
orth	TUBULUS MARINUS		
entry	TUBUS	0	
orth	TUBUS		
entry	TUCUM	0	
orth	TUCUM		
entry	TUINAMTIIBA	0	
orth	TUINAMTIIBA		
entry	TULIPA	1	
orth	TULIPA		
pb	441	0223	
entry	TULIPIFERA	1	
orth	TULIPIFERA		
pb	443	0224	
entry	TULOS	0	
orth	TULOS		
entry	TULPBOOM	0	
orth	TULPBOOM		
entry	TUMBABA	0	
orth	TUMBABA		
entry	TUMBALUM	0	
orth	TUMBALUM		
entry	TUMBIL	0	
orth	TUMBIL		
entry	TUMOR	2	
orth	TUMOR		
pb	445	0225	
pb	447	0226	
entry	TUNA	0	
orth	TUNA		
entry	TUNETANUS FLOS	0	
orth	TUNETANUS FLOS		
entry	TUNICA	0	
orth	TUNICA		
entry	TUPA-IPI	0	
orth	TUPA-IPI		
entry	TUPHUS, TUFUS	0	
orth	TUPHUS		
orth	TUFUS		
clique	suhos		
entry	TURAS	0	
orth	TURAS		
entry	TURBEDON	0	
orth	TURBEDON		
entry	TURBINATA OSSA	0	
orth	TURBINATA OSSA		
entry	TURBINATUM	0	
orth	TURBINATUM		
entry	TURBITH	0	
orth	TURBITH		
entry	TURBITH	0	
orth	TURBITH		
entry	TURBOTHUS	0	
orth	TURBOTHUS		
entry	TURCHOIS	1	
orth	TURCHOIS		
pb	449	0227	
entry	TURCHOSA	0	
orth	TURCHOSA		
entry	TURDUS	0	
orth	TURDUS		
entry	TURNERA	0	
orth	TURNERA		
entry	TURNESIUM	0	
orth	TURNESIUM		
entry	TURPETHUM	0	
orth	TURPETHUM		
clique	Mercurius		
entry	TURRITIS	0	
orth	TURRITIS		
entry	TURSIO	0	
orth	TURSIO		
entry	TURTAS	0	
orth	TURTAS		
entry	TURTUR	0	
orth	TURTUR		
entry	TURUNDÆ	1	
orth	TURUNDÆ		
pb	451	0228	
clique	Bubonocele		
entry	TURUNDULA	0	
orth	TURUNDULA		
entry	TUS	0	
orth	TUS		
entry	TUSAI	0	
orth	TUSAI		
entry	TUSSEDO	0	
orth	TUSSEDO		
clique	Tusses		
entry	TUSSICULARIA	1	
orth	TUSSICULARIA		
pb	453	0229	
entry	TUSSIS	6	
orth	TUSSIS		
pb	455	0230	
pb	457	0231	
clique	A		
pb	459	0232	
pb	461	0233	
pb	463	0234	
pb	465	0235	
entry	TUTENAG	0	
orth	TUTENAG		
entry	TUTIA	0	
orth	TUTIA		
clique	Cadmia		
entry	TYLLI GRANA	0	
orth	TYLLI GRANA		
entry	TYLOMA	0	
orth	TYLOMA		
entry	TYMPANIAS	0	
orth	TYMPANIAS		
clique	Tympanites		
entry	TYMPANITES	5	
orth	TYMPANITES		
pb	467	0236	
pb	469	0237	
pb	471	0238	
pb	473	0239	
pb	475	0240	
entry	TYMPANUM	0	
orth	TYMPANUM		
entry	TYPHA	0	
orth	TYPHA		
clique	Acorusverus		
entry	TYPHLINIDIA	0	
orth	TYPHLINIDIA		
entry	TYPHODES	0	
orth	TYPHODES		
entry	TYPHOMANIA	1	
orth	TYPHOMANIA		
pb	477	0241	
entry	THYPHONIA	0	
orth	THYPHONIA		
entry	TYPHOS	0	
orth	TYPHOS		
entry	TYPOS	0	
orth	TYPOS		
entry	TYRANNIS	0	
orth	TYRANNIS		
entry	TYRIA	0	
orth	TYRIA		
clique	Alopecia		
entry	TYRIASIS	0	
orth	TYRIASIS		
entry	TYRIUM EMPLASTRUM	0	
orth	TYRIUM EMPLASTRUM		
entry	TYROS	0	
orth	TYROS		
entry	TYROSIS	0	
orth	TYROSIS		
entry	TYRRHENICUM EMPLASTRUM	0	
orth	TYRRHENICUM EMPLASTRUM		
entry	TYRUS	0	
orth	TYRUS		
entry	V	0	
orth	V		
clique	Alphabetum Chymicum		
entry	VACCA	0	
orth	VACCA		
entry	VACCARIA	0	
orth	VACCARIA		
entry	VACCINIA	0	
orth	VACCINIA		
clique	Vitis idaea		
entry	VACCINIA NIGRA	0	
orth	VACCINIA NIGRA		
entry	VAGINA	6	
orth	VAGINA		
clique	Uterus		
pb	479	0242	
pb	481	0243	
pb	483	0244	
pb	485	0245	
clique	sObs. iSe		
pb	487	0246	
pb	489	0247	
entry	VAGINALIS TUNICA	0	
orth	VAGINALIS TUNICA		
entry	VAGITUS	0	
orth	VAGITUS		
entry	VALENTIA SCABIOSÆ	0	
orth	VALENTIA SCABIOSÆ		
entry	VALERIANA	2	
orth	VALERIANA		
pb	491	0248	
pb	493	0249	
entry	VALERIANELLA	1	
orth	VALERIANELLA		
pb	495	0250	
entry	VALERIANELLOIDES	0	
orth	VALERIANELLOIDES		
entry	VALERIANTHEMUM	0	
orth	VALERIANTHEMUM		
entry	VALGUS	0	
orth	VALGUS		
clique	Planche III. fig		
entry	VALIGA	0	
orth	VALIGA		
entry	VALLI	0	
orth	VALLI		
entry	VALLUM	0	
orth	VALLUM		
entry	VALRAT	0	
orth	VALRAT		
entry	VALVULA	0	
orth	VALVULA		
clique	Cor		
entry	VANELLUS	0	
orth	VANELLUS		
entry	VANILIA	1	
orth	VANILIA		
pb	497	0251	
entry	VAPORES	0	
orth	VAPORES		
entry	VAPORARIUM	0	
orth	VAPORARIUM		
entry	VAPORATIO	0	
orth	VAPORATIO		
entry	VAPPA	0	
orth	VAPPA		
entry	VARENI, VARI	0	
orth	VARENI		
orth	VARI		
entry	VARICIFORMES PARASTATÆ	0	
orth	VARICIFORMES PARASTATÆ		
entry	VARICOSUS	0	
orth	VARICOSUS		
entry	VARICULA	0	
orth	VARICULA		
entry	VARIEGATIO	0	
orth	VARIEGATIO		
entry	VARIOLÆ	41	
orth	VARIOLÆ		
pb	499	0252	
pb	501	0253	
pb	503	0254	
pb	505	0255	
pb	507	0256	
pb	509	0257	
pb	511	0258	
pb	513	0259	
clique	Morbilli O		
pb	515	0260	
pb	517	0261	
pb	519	0262	
pb	521	0263	
pb	523	0264	
pb	525	0265	
pb	527	0266	
pb	529	0267	
pb	531	0268	
pb	533	0269	
pb	535	0270	
pb	537	0271	
pb	539	0272	
pb	541	0273	
pb	543	0274	
pb	545	0275	
pb	547	0276	
pb	549	0277	
clique	Fibra		
pb	551	0278	
pb	553	0279	
pb	555	0280	
pb	557	0281	
pb	559	0282	
pb	561	0283	
pb	563	0284	
pb	565	0285	
pb	567	0286	
pb	569	0287	
pb	571	0288	
pb	573	0289	
pb	575	0290	
pb	577	0291	
pb	579	0292	
entry	VARIUS	0	
orth	VARIUS		
entry	VARIX	1	
orth	VARIX		
pb	581	0293	
entry	VANUS	0	
orth	VANUS		
entry	VAS	0	
orth	VAS		
entry	VASTUS EXTERNUS	0	
orth	VASTUS EXTERNUS		
entry	VASUM	0	
orth	VASUM		
entry	VATICANÆ PILULÆ	1	
orth	VATICANÆ PILULÆ		
pb	583	0294	
entry	VAYNILLAS	0	
orth	VAYNILLAS		
entry	UCAUNA	0	
orth	UCAUNA		
entry	VEEL-GUTTA	0	
orth	VEEL-GUTTA		
entry	VEGETATIO	0	
orth	VEGETATIO		
clique	Botanica		
entry	VEHICULUM	0	
orth	VEHICULUM		
entry	VELONÆ	0	
orth	VELONÆ		
entry	VENÆ	12	
orth	VENÆ		
pb	585	0295	
pb	587	0296	
pb	589	0297	
pb	591	0298	
pb	593	0299	
pb	595	0300	
pb	597	0301	
pb	599	0302	
pb	601	0303	
pb	603	0304	
pb	605	0305	
pb	607	0306	
entry	VENA MEDINENSIS	0	
orth	VENA MEDINENSIS		
clique	Dracunctéli.		
entry	VENÆSECTIO	0	
orth	VENÆSECTIO		
clique	Phlebotomia		
entry	VENATIO	0	
orth	VENATIO		
entry	VENEN	0	
orth	VENEN		
entry	VENENA	3	
orth	VENENA		
pb	609	0307	
pb	611	0308	
pb	613	0309	
entry	VENER	0	
orth	VENER		
entry	VENEREA LUES	0	
orth	VENEREA LUES		
clique	Lues venerea		
clique	Clitoris		
entry	VENETICUS, VENETUS	0	
orth	VENETICUS		
orth	VENETUS		
entry	VENOSA ARTERIA	0	
orth	VENOSA ARTERIA		
clique	Pulmo		
entry	VENTER	0	
orth	VENTER		
clique	VII. Aphor		
entry	VENTININA	0	
orth	VENTININA		
entry	VENTOSA	0	
orth	VENTOSA		
clique	Os		
entry	VENTOSÆ	0	
orth	VENTOSÆ		
entry	VENTOSITAS	0	
orth	VENTOSITAS		
entry	VENTRALIS	0	
orth	VENTRALIS		
entry	VENTRES	0	
orth	VENTRES		
entry	VENTRICULATIO	0	
orth	VENTRICULATIO		
entry	VENTRICOSUS, VENTRICULOSUS	0	
orth	VENTRICOSUS		
orth	VENTRICULOSUS		
entry	VENTRICULUS	0	
orth	VENTRICULUS		
entry	VENTRILOQUUS	0	
orth	VENTRILOQUUS		
entry	VENTUS	0	
orth	VENTUS		
entry	VENULA	0	
orth	VENULA		
entry	VENUS	1	
orth	VENUS		
pb	615	0310	
entry	VER	0	
orth	VER		
entry	VERATRUM	1	
orth	VERATRUM		
pb	617	0311	
clique	Aflorantia nigra		
clique	H elleborus		
entry	VERBASCULUM CYANOIDES	1	
orth	VERBASCULUM CYANOIDES		
clique	Primula		
pb	619	0312	
entry	VERBASCUM	1	
orth	VERBASCUM		
pb	621	0313	
entry	VERBENA	1	
orth	VERBENA		
pb	623	0314	
entry	VERBENACA RECTA	0	
orth	VERBENACA RECTA		
entry	VERBERA	0	
orth	VERBERA		
entry	VERBESINA	0	
orth	VERBESINA		
clique	Bidens		
entry	VERDETUM	0	
orth	VERDETUM		
entry	VEREDARII	0	
orth	VEREDARII		
entry	VERETRUM	0	
orth	VERETRUM		
clique	Penels		
entry	VERGILIÆ	0	
orth	VERGILIÆ		
clique	Pleias		
entry	VERMES	3	
orth	VERMES		
pb	625	0315	
pb	627	0316	
pb	629	0317	
entry	VERMICATA	0	
orth	VERMICATA		
entry	VERMICELLI	0	
orth	VERMICELLI		
entry	VERMICULANS	0	
orth	VERMICULANS		
clique	Puds.us		
entry	VERMICULARIS	0	
orth	VERMICULARIS		
entry	VERMICULATUM	0	
orth	VERMICULATUM		
entry	VERMICULUM	0	
orth	VERMICULUM		
entry	VERMICULUS	0	
orth	VERMICULUS		
entry	VERMIFORMIS	0	
orth	VERMIFORMIS		
clique	Cerebrum		
entry	VERMIFUGA	0	
orth	VERMIFUGA		
entry	VERMILION	0	
orth	VERMILION		
entry	VERMINA, VERMINATIO	0	
orth	VERMINA		
orth	VERMINATIO		
entry	VERMINOSUS	0	
orth	VERMINOSUS		
entry	VERMIS	0	
orth	VERMIS		
entry	VERNACULUS	0	
orth	VERNACULUS		
entry	VERNICE	0	
orth	VERNICE		
entry	VERNIMBOCK	0	
orth	VERNIMBOCK		
entry	VERNISIUM	0	
orth	VERNISIUM		
entry	VERNIX	0	
orth	VERNIX		
entry	VERONICA	3	
orth	VERONICA		
pb	631	0318	
pb	633	0319	
pb	635	0320	
clique	Samolusvalerandi		
entry	VERRES	0	
orth	VERRES		
clique	Aper		
entry	VERRICULARIS	0	
orth	VERRICULARIS		
clique	Amphiblestreldes8c Oculus		
entry	VERRISTA	0	
orth	VERRISTA		
entry	VERRUCA	1	
orth	VERRUCA		
pb	637	0321	
entry	VERRUCARIA	0	
orth	VERRUCARIA		
entry	VERSIO CHYMICA	0	
orth	VERSIO CHYMICA		
entry	VERTEBRÆ	0	
orth	VERTEBRÆ		
clique	Spina		
entry	VERTEBRALES MUSCULI	0	
orth	VERTEBRALES MUSCULI		
entry	VERTEX	0	
orth	VERTEX		
clique	Coryphe		
entry	VERTICULUM	0	
orth	VERTICULUM		
entry	VERTICELLI MARINI	0	
orth	VERTICELLI MARINI		
entry	VERTICILLUM	1	
orth	VERTICILLUM		
pb	639	0322	
entry	VERTIGO	0	
orth	VERTIGO		
entry	VERTO	0	
orth	VERTO		
entry	VERVA	0	
orth	VERVA		
entry	VERUCLA	0	
orth	VERUCLA		
entry	VERVEX	0	
orth	VERVEX		
entry	VERUTA	0	
orth	VERUTA		
entry	VESANIA	0	
orth	VESANIA		
entry	VESANUS	0	
orth	VESANUS		
entry	VESICA	5	
orth	VESICA		
pb	641	0323	
pb	643	0324	
pb	645	0325	
pb	647	0326	
pb	649	0327	
entry	VESICARIA	0	
orth	VESICARIA		
entry	VESICATIO	0	
orth	VESICATIO		
entry	VESICATORIUM	0	
orth	VESICATORIUM		
clique	Canthari de s		
entry	VESICULA	0	
orth	VESICULA		
entry	VESICULÆ SEMINALIS	0	
orth	VESICULÆ SEMINALIS		
entry	VESPA	1	
orth	VESPA		
clique	Chermes		
pb	651	0328	
entry	VESPERTILIO	0	
orth	VESPERTILIO		
entry	VESTIBULUM	0	
orth	VESTIBULUM		
clique	Auris		
entry	VETERINARIA	0	
orth	VETERINARIA		
entry	VETERNUM	0	
orth	VETERNUM		
entry	VETERNUS	0	
orth	VETERNUS		
entry	VETONICA	0	
orth	VETONICA		
entry	VETTADAGOU	0	
orth	VETTADAGOU		
entry	VETTI TALI	0	
orth	VETTI TALI		
clique	Amvetti		
entry	VEXATA	0	
orth	VEXATA		
clique	Contusio		
entry	UHEBEHASON	1	
orth	UHEBEHASON		
pb	653	0329	
entry	VIA	0	
orth	VIA		
entry	VIBEX	0	
orth	VIBEX		
clique	Ecchymosis		
entry	VIBRISSÆ, VIBRISCI	0	
orth	VIBRISSÆ		
orth	VIBRISCI		
entry	VIBURNUM	0	
orth	VIBURNUM		
entry	VICIA	1	
orth	VICIA		
pb	655	0330	
clique	Aracus		
clique	Aphaca		
entry	VICIÆ SIMILIS	0	
orth	VICIÆ SIMILIS		
entry	VICINITRAHA, VICINITRACTUS	0	
orth	VICINITRAHA		
orth	VICINITRACTUS		
entry	VICTICELLÆ, VITICELLÆ LIQUOR	0	
orth	VICTICELLÆ		
orth	VITICELLÆ LIQUOR		
entry	VICTORIALIS	0	
orth	VICTORIALIS		
clique	Allium		
entry	VICTORIATUS DENARIUS	0	
orth	VICTORIATUS DENARIUS		
entry	VICTORIOLA	0	
orth	VICTORIOLA		
clique	Ruscus) latifolius , fructufolio insidente		
entry	VICTUS	0	
orth	VICTUS		
entry	VIGILIÆ	0	
orth	VIGILIÆ		
entry	VIGO	1	
orth	VIGO		
clique	Corrodentia		
pb	657	0331	
entry	VIGOR	0	
orth	VIGOR		
entry	VILLI	0	
orth	VILLI		
entry	VILTRUM	0	
orth	VILTRUM		
entry	VINCA PERVINCA	0	
orth	VINCA PERVINCA		
clique	Pervinca		
entry	VINCETOXICUM	0	
orth	VINCETOXICUM		
clique	Aselepias		
entry	VINCULUM	0	
orth	VINCULUM		
clique	Fascia		
entry	VINDICIANUS	0	
orth	VINDICIANUS		
entry	VINUM	13	
orth	VINUM		
pb	659	0332	
pb	661	0333	
pb	663	0334	
pb	665	0335	
pb	667	0336	
pb	669	0337	
pb	671	0338	
pb	673	0339	
pb	675	0340	
pb	677	0341	
pb	679	0342	
pb	681	0343	
pb	683	0344	
entry	VIOLA	2	
orth	VIOLA		
pb	685	0345	
pb	687	0346	
clique	Lunaria		
entry	VIPERA	4	
orth	VIPERA		
pb	689	0347	
pb	691	0348	
pb	693	0349	
pb	695	0350	
entry	VIPERARIA	0	
orth	VIPERARIA		
clique	Scorzonera		
entry	VIPERINA	0	
orth	VIPERINA		
entry	VIRGA AUREA	1	
orth	VIRGA AUREA		
pb	697	0351	
entry	VIRGATA	0	
orth	VIRGATA		
entry	VIRGINALE CLAUSTRUM	0	
orth	VIRGINALE CLAUSTRUM		
entry	VIRGO	1	
orth	VIRGO		
clique	Menées		
clique	Vagina		
pb	699	0352	
entry	VIRIÆ	0	
orth	VIRIÆ		
entry	VIRIDE ÆRIS	0	
orth	VIRIDE ÆRIS		
entry	VIRIDELLUS	0	
orth	VIRIDELLUS		
entry	VISCAGO	0	
orth	VISCAGO		
entry	VISCALEUS	0	
orth	VISCALEUS		
entry	VISCARIA	0	
orth	VISCARIA		
clique	Muscipula		
entry	VISCERA	0	
orth	VISCERA		
entry	VISCERALIA	1	
orth	VISCERALIA		
pb	701	0353	
entry	VISCIDITAS	0	
orth	VISCIDITAS		
clique	Lentor		
entry	VISCUM, VISCUS	2	
orth	VISCUM		
orth	VISCUS		
pb	703	0354	
pb	705	0355	
entry	VISIO	1	
orth	VISIO		
pb	707	0356	
entry	VISNAGA	0	
orth	VISNAGA		
entry	VISQUEIRO	0	
orth	VISQUEIRO		
entry	VISUMARUS	0	
orth	VISUMARUS		
entry	VITÆ BALSAMUM	1	
orth	VITÆ BALSAMUM		
pb	709	0357	
entry	VITALBA	0	
orth	VITALBA		
entry	VITALIA	0	
orth	VITALIA		
entry	VITALIS ACTIO	0	
orth	VITALIS ACTIO		
clique	Actio		
entry	VITALIS FUNCTIO	0	
orth	VITALIS FUNCTIO		
clique	Actio		
entry	VITEALIS CONVOLVULUS	0	
orth	VITEALIS CONVOLVULUS		
entry	VITELLUS	0	
orth	VITELLUS		
clique	Ovumu		
entry	VITEX	0	
orth	VITEX		
entry	VITICELLA	0	
orth	VITICELLA		
entry	VITILIGO	0	
orth	VITILIGO		
clique	Lepras		
entry	VITIS	3	
orth	VITIS		
pb	711	0358	
pb	713	0359	
clique	Bryorna alba		
pb	715	0360	
entry	VITISALTUS	0	
orth	VITISALTUS		
entry	VITREA TABULA	0	
orth	VITREA TABULA		
entry	VITREUS HUMOR	0	
orth	VITREUS HUMOR		
clique	Oculus		
entry	VITRIOLUM	6	
orth	VITRIOLUM		
pb	717	0361	
pb	719	0362	
pb	721	0363	
pb	723	0364	
pb	725	0365	
pb	727	0366	
entry	VITRUM	0	
orth	VITRUM		
entry	VITTA	0	
orth	VITTA		
entry	VITULUS	1	
orth	VITULUS		
pb	729	0367	
entry	VIVERRA	0	
orth	VIVERRA		
entry	VIVIPARUS	0	
orth	VIVIPARUS		
entry	ULCUS	7	
orth	ULCUS		
pb	731	0368	
pb	733	0369	
clique	Dysépulotos, Qiironium , Cacoethes		
pb	735	0370	
pb	737	0371	
pb	739	0372	
pb	741	0373	
pb	743	0374	
entry	ULEX	0	
orth	ULEX		
entry	ULMARIA	1	
orth	ULMARIA		
pb	745	0375	
entry	ULMUS	0	
orth	ULMUS		
entry	ULNA	0	
orth	ULNA		
entry	ULNARIS MUSCULUS	1	
orth	ULNARIS MUSCULUS		
pb	747	0376	
entry	ULOMELIA	0	
orth	ULOMELIA		
entry	ULON	0	
orth	ULON		
clique	Enulon		
entry	ULOPHONOS	0	
orth	ULOPHONOS		
clique	Ixia		
entry	ULPHA	0	
orth	ULPHA		
entry	ULRACH	0	
orth	ULRACH		
entry	ULTRAMARINUM	0	
orth	ULTRAMARINUM		
entry	ULVA	0	
orth	ULVA		
entry	ULULA	1	
orth	ULULA		
pb	749	0377	
clique	Camarhnhas		
entry	UMBELLA	0	
orth	UMBELLA		
entry	UMBELLIFERA ALSATICA	0	
orth	UMBELLIFERA ALSATICA		
entry	UMBILICATA LINIFOLIA	0	
orth	UMBILICATA LINIFOLIA		
entry	UMBILICUS MARINUS	0	
orth	UMBILICUS MARINUS		
entry	UMBLA	0	
orth	UMBLA		
entry	UMBRA	0	
orth	UMBRA		
entry	UMBRAGINES	0	
orth	UMBRAGINES		
entry	UMBRATILIS	0	
orth	UMBRATILIS		
entry	UMBU	0	
orth	UMBU		
entry	UNCAM	0	
orth	UNCAM		
entry	UNCIA	0	
orth	UNCIA		
entry	UNCINUS	0	
orth	UNCINUS		
entry	UNCTIO	0	
orth	UNCTIO		
entry	UNCTUARIUM	0	
orth	UNCTUARIUM		
entry	UNCUS	0	
orth	UNCUS		
entry	UNDATIO	1	
orth	UNDATIO		
pb	751	0378	
entry	UNDIMIA	0	
orth	UNDIMIA		
entry	UNEDO	0	
orth	UNEDO		
clique	Arbutus		
entry	UNGUEN	0	
orth	UNGUEN		
entry	UNGUENTARIUS	0	
orth	UNGUENTARIUS		
entry	UNGUENTUM	5	
orth	UNGUENTUM		
pb	753	0379	
clique	Album unguentum		
pb	755	0380	
clique	Basilicon		
clique	Basilicon		
clique	Calx		
clique	Althaea		
clique	Althaea		
clique	Cadmia		
clique	Digitalis		
clique	Elemi gummi		
clique	Helenium		
clique	UNGUENTUM ENULATUM CUM MERCURIO		
pb	757	0381	
clique	Linaria		
pb	759	0382	
clique	Pomatum unguentum		
clique	Populus		
clique	Sambucus		
pb	761	0383	
clique	Cadmia		
entry	UNGUES	1	
orth	UNGUES		
pb	763	0384	
clique	Pellex		
entry	UNGUICULI	0	
orth	UNGUICULI		
entry	UNGUIS	0	
orth	UNGUIS		
clique	BlattaBizantia		
entry	UNGULA CABALLINA	0	
orth	UNGULA CABALLINA		
clique	Oculus		
entry	UNICORNU	0	
orth	UNICORNU		
entry	UNIFOLIUM	0	
orth	UNIFOLIUM		
entry	UNIO	0	
orth	UNIO		
clique	Margarita		
entry	UNNI CHILENSIUM	0	
orth	UNNI CHILENSIUM		
entry	UNQUASI	0	
orth	UNQUASI		
entry	VOARCHADUMIA	1	
orth	VOARCHADUMIA		
pb	765	0385	
entry	VOCIFERATIO	0	
orth	VOCIFERATIO		
clique	Anaphonesm		
entry	VOLA	0	
orth	VOLA		
entry	VOLANS	0	
orth	VOLANS		
entry	VOLATICA	0	
orth	VOLATICA		
entry	VOLATILIS	0	
orth	VOLATILIS		
entry	VOLEMA	0	
orth	VOLEMA		
entry	VOLSELLA	0	
orth	VOLSELLA		
entry	VOLVA	0	
orth	VOLVA		
entry	VOLUBILIS	0	
orth	VOLUBILIS		
entry	VOLUNTARIUS	0	
orth	VOLUNTARIUS		
entry	VOLUNTAS	0	
orth	VOLUNTAS		
entry	VOLUPTAS	0	
orth	VOLUPTAS		
entry	VOLVULUS	0	
orth	VOLVULUS		
clique	Ileos		
entry	VOMER	0	
orth	VOMER		
entry	VOMICA	0	
orth	VOMICA		
entry	VOMILIUM	0	
orth	VOMILIUM		
entry	VOMITIO	0	
orth	VOMITIO		
entry	VOMITORIA, VOMITIVA	1	
orth	VOMITORIA		
orth	VOMITIVA		
pb	767	0386	
entry	VOMITUS	7	
orth	VOMITUS		
pb	769	0387	
pb	771	0388	
pb	773	0389	
pb	775	0390	
pb	777	0391	
pb	779	0392	
pb	781	0393	
entry	VOMITUS CRUENTUS	0	
orth	VOMITUS CRUENTUS		
clique	Morbus niger		
entry	VOPISCUS	0	
orth	VOPISCUS		
entry	VORACITAS	0	
orth	VORACITAS		
clique	Addephagia		
entry	VOSACAN	0	
orth	VOSACAN		
entry	UPUPA	1	
orth	UPUPA		
pb	783	0394	
entry	URACHUS	0	
orth	URACHUS		
entry	URÆON	0	
orth	URÆON		
entry	URAGION	0	
orth	URAGION		
entry	URAGOS	0	
orth	URAGOS		
entry	URANÆ	0	
orth	URANÆ		
entry	URANION	0	
orth	URANION		
clique	Adectos		
entry	URANIOS	0	
orth	URANIOS		
entry	URANISCUS	0	
orth	URANISCUS		
entry	URANOS	0	
orth	URANOS		
entry	URANOSCOPUS	0	
orth	URANOSCOPUS		
entry	URCEOLARIS, URCEOLA	0	
orth	URCEOLARIS		
orth	URCEOLA		
entry	URCEUS	0	
orth	URCEUS		
entry	UREDINES	0	
orth	UREDINES		
entry	UREMA	0	
orth	UREMA		
entry	URENTIA	0	
orth	URENTIA		
entry	URESIS	0	
orth	URESIS		
entry	URETERES	0	
orth	URETERES		
clique	Renes		
entry	URETHRA	2	
orth	URETHRA		
clique	Generatio		
pb	785	0395	
pb	787	0396	
entry	URETICOS	0	
orth	URETICOS		
entry	URIAS	0	
orth	URIAS		
entry	URINA	21	
orth	URINA		
pb	789	0397	
pb	791	0398	
pb	793	0399	
clique	Isehuria		
pb	795	0400	
pb	797	0401	
pb	799	0402	
pb	801	0403	
pb	803	0404	
pb	805	0405	
pb	807	0406	
pb	809	0407	
clique	Hypostasis		
pb	811	0408	
pb	813	0409	
pb	815	0410	
pb	817	0411	
pb	819	0412	
pb	821	0413	
pb	823	0414	
pb	825	0415	
pb	827	0416	
pb	829	0417	
entry	URINACULUM	0	
orth	URINACULUM		
clique	Urachus		
entry	URINALIS HERBA	0	
orth	URINALIS HERBA		
entry	URINARIUS	0	
orth	URINARIUS		
entry	URNA	0	
orth	URNA		
entry	UROCRISIA, UROCRISIS	0	
orth	UROCRISIA		
orth	UROCRISIS		
entry	UROCRITERIUM	0	
orth	UROCRITERIUM		
entry	UROCRITICA	0	
orth	UROCRITICA		
entry	UROGALLUS	0	
orth	UROGALLUS		
entry	UROMANTES	0	
orth	UROMANTES		
entry	UROMANTIA	0	
orth	UROMANTIA		
clique	Urocrisia		
entry	URON	0	
orth	URON		
clique	Renes & Urina		
entry	UROPYGION	0	
orth	UROPYGION		
clique	Orrhopygion		
entry	UROSCOPIUM	0	
orth	UROSCOPIUM		
entry	URSUS	0	
orth	URSUS		
entry	URTICA	2	
orth	URTICA		
pb	831	0418	
pb	833	0419	
entry	URTICATIO	0	
orth	URTICATIO		
entry	URUCU	0	
orth	URUCU		
clique	AchiotI		
entry	URUCATU	0	
orth	URUCATU		
clique	Palma		
entry	URUMENA	0	
orth	URUMENA		
entry	URU-PARIBA	0	
orth	URU-PARIBA		
clique	Gielra-Pariba		
entry	URUS	0	
orth	URUS		
entry	USFIDÆ	0	
orth	USFIDÆ		
entry	USNEA CRANII HUMANI	1	
orth	USNEA CRANII HUMANI		
pb	835	0420	
entry	USRUB, URSUB	0	
orth	USRUB		
orth	URSUB		
entry	USTILAGO	0	
orth	USTILAGO		
entry	USTIO	0	
orth	USTIO		
entry	USTULATIO	0	
orth	USTULATIO		
entry	USUALIA MEDICAMENTA	0	
orth	USUALIA MEDICAMENTA		
entry	USURAT	0	
orth	USURAT		
entry	UTERARIA	0	
orth	UTERARIA		
entry	UTERINUS FUROR	2	
orth	UTERINUS FUROR		
clique	Arnom		
pb	837	0421	
pb	839	0422	
entry	UTERUS	11	
orth	UTERUS		
pb	841	0423	
pb	843	0424	
pb	845	0425	
pb	847	0426	
pb	849	0427	
pb	851	0428	
pb	853	0429	
pb	855	0430	
pb	857	0431	
pb	859	0432	
pb	861	0433	
clique	Purpura		
entry	UTRICARIA	0	
orth	UTRICARIA		
entry	UTRICULUS	0	
orth	UTRICULUS		
entry	UTRIFORMIS	0	
orth	UTRIFORMIS		
entry	UTRUS	0	
orth	UTRUS		
entry	UTY	0	
orth	UTY		
entry	UVA	1	
orth	UVA		
clique	Vitis		
pb	863	0434	
entry	UVATIO	0	
orth	UVATIO		
clique	Oculus		
entry	UVEA TUNICA	0	
orth	UVEA TUNICA		
entry	UVIFERA ARBOR TABACENSIS	0	
orth	UVIFERA ARBOR TABACENSIS		
entry	VULCANUS	0	
orth	VULCANUS		
entry	VULNERARIA	0	
orth	VULNERARIA		
clique	Astringentia		
clique	Anthyllis leguminos.a		
entry	VULNUS	113	
orth	VULNUS		
pb	865	0435	
pb	867	0436	
pb	869	0437	
pb	871	0438	
pb	873	0439	
pb	875	0440	
pb	877	0441	
pb	879	0442	
pb	881	0443	
pb	883	0444	
pb	885	0445	
pb	887	0446	
pb	889	0447	
pb	891	0448	
pb	893	0449	
pb	895	0450	
pb	897	0451	
pb	899	0452	
pb	901	0453	
pb	903	0454	
pb	905	0455	
pb	907	0456	
pb	909	0457	
pb	911	0458	
pb	913	0459	
pb	915	0460	
pb	917	0461	
pb	919	0462	
pb	921	0463	
pb	923	0464	
pb	925	0465	
pb	927	0466	
pb	929	0467	
pb	931	0468	
pb	933	0469	
pb	935	0470	
pb	937	0471	
pb	939	0472	
pb	941	0473	
pb	943	0474	
pb	945	0475	
pb	947	0476	
pb	949	0477	
pb	951	0478	
pb	953	0479	
pb	955	0480	
pb	957	0481	
pb	959	0482	
pb	961	0483	
pb	963	0484	
pb	965	0485	
pb	967	0486	
pb	969	0487	
pb	971	0488	
pb	973	0489	
pb	975	0490	
pb	977	0491	
pb	979	0492	
pb	981	0493	
pb	983	0494	
pb	985	0495	
pb	987	0496	
pb	989	0497	
pb	991	0498	
pb	993	0499	
pb	995	0500	
pb	997	0501	
clique	Torcular		
pb	999	0502	
pb	1001	0503	
pb	1003	0504	
pb	1005	0505	
pb	1007	0506	
pb	1009	0507	
pb	1011	0508	
pb	1013	0509	
pb	1015	0510	
pb	1017	0511	
pb	1019	0512	
pb	1021	0513	
pb	1023	0514	
pb	1025	0515	
pb	1027	0516	
pb	1029	0517	
pb	1031	0518	
pb	1033	0519	
pb	1035	0520	
pb	1037	0521	
pb	1039	0522	
pb	1041	0523	
clique	Quinquina		
pb	1043	0524	
pb	1045	0525	
pb	1047	0526	
pb	1049	0527	
pb	1051	0528	
pb	1053	0529	
pb	1055	0530	
pb	1057	0531	
pb	1059	0532	
pb	1061	0533	
pb	1063	0534	
pb	1065	0535	
pb	1067	0536	
pb	1069	0537	
pb	1071	0538	
pb	1073	0539	
pb	1075	0540	
pb	1077	0541	
pb	1079	0542	
pb	1081	0543	
pb	1083	0544	
pb	1085	0545	
pb	1087	0546	
pb	1089	0547	
entry	VULPANSER	0	
orth	VULPANSER		
entry	VULPECULA MARINA	0	
orth	VULPECULA MARINA		
entry	VULPES	0	
orth	VULPES		
entry	VULSELLA	0	
orth	VULSELLA		
clique	Volsella		
entry	VULSIO	0	
orth	VULSIO		
entry	VULTUR	0	
orth	VULTUR		
entry	VULVA	0	
orth	VULVA		
entry	VULVARIA	0	
orth	VULVARIA		
entry	UVULA	1	
orth	UVULA		
clique	Palatum		
pb	1091	0548	
entry	UZEG	0	
orth	UZEG		
entry	UZIFIR	0	
orth	UZIFIR		
entry	WAAGENBOOM	1	
orth	WAAGENBOOM		
pb	1093	0549	
entry	WAGA	0	
orth	WAGA		
entry	WAMCABEC	0	
orth	WAMCABEC		
entry	WARICORAMARI FRUCTUS	0	
orth	WARICORAMARI FRUCTUS		
entry	WARNAS	0	
orth	WARNAS		
entry	WATTATALI	0	
orth	WATTATALI		
entry	WELLIA TAGERA	0	
orth	WELLIA TAGERA		
entry	WINTERANUS CORTEX	0	
orth	WINTERANUS CORTEX		
entry	WISANCK	0	
orth	WISANCK		
entry	WISMAT	0	
orth	WISMAT		
entry	WITTEBOOM	0	
orth	WITTEBOOM		
entry	WURTZII UNGUENTUM FUSCUM	0	
orth	WURTZII UNGUENTUM FUSCUM		
entry	X	0	
orth	X		
clique	Alphabetum Chymicum		
entry	XAGUA MARTYRIS	0	
orth	XAGUA MARTYRIS		
entry	XALXOCHILT	0	
orth	XALXOCHILT		
entry	XANTHIUM	0	
orth	XANTHIUM		
entry	XANTHOBALANUS	0	
orth	XANTHOBALANUS		
entry	XANXUS	0	
orth	XANXUS		
entry	XELSES	0	
orth	XELSES		
entry	XENEXTON	0	
orth	XENEXTON		
entry	XENINEPHIDEI	0	
orth	XENINEPHIDEI		
entry	XENOPHILI ANTIDOTUS	0	
orth	XENOPHILI ANTIDOTUS		
entry	XENOPREPES	1	
orth	XENOPREPES		
pb	1095	0550	
entry	XERANTHEMUM	0	
orth	XERANTHEMUM		
entry	XERAPHIUM	0	
orth	XERAPHIUM		
entry	XERASIA	0	
orth	XERASIA		
entry	XERION	0	
orth	XERION		
entry	XEROCOLLYRIUM	0	
orth	XEROCOLLYRIUM		
entry	XEROMYRON	0	
orth	XEROMYRON		
entry	XEROPHTHALMIA	0	
orth	XEROPHTHALMIA		
entry	XESTES	0	
orth	XESTES		
entry	XIPHIUM	0	
orth	XIPHIUM		
entry	XIPHION	0	
orth	XIPHION		
entry	XIPHOEIDES	0	
orth	XIPHOEIDES		
entry	XIPHYDRIA	0	
orth	XIPHYDRIA		
entry	XIR	0	
orth	XIR		
entry	XISINUM	0	
orth	XISINUM		
entry	XOCHINACAZTLIS	0	
orth	XOCHINACAZTLIS		
entry	XOCHIOCOTZO, QUANHUITL	0	
orth	XOCHIOCOTZO		
orth	QUANHUITL		
entry	XOCOXOCHITL	0	
orth	XOCOXOCHITL		
entry	XYLAGIUM	0	
orth	XYLAGIUM		
entry	XYLOALOE	0	
orth	XYLOALOE		
entry	XYLOBALSAMUM	0	
orth	XYLOBALSAMUM		
entry	XYLOCASIA	1	
orth	XYLOCASIA		
pb	1097	0551	
entry	XYLOCINNAMOMUM	0	
orth	XYLOCINNAMOMUM		
entry	XYLOCOCCA	0	
orth	XYLOCOCCA		
entry	XYLOCOLLA	0	
orth	XYLOCOLLA		
entry	XYLOGUAIACUM	0	
orth	XYLOGUAIACUM		
entry	XYLOEBENUM	0	
orth	XYLOEBENUM		
entry	XYLON	0	
orth	XYLON		
entry	XYLOSTEUM	0	
orth	XYLOSTEUM		
entry	XYMPATHESIS	0	
orth	XYMPATHESIS		
entry	XYMPHYSIS	0	
orth	XYMPHYSIS		
entry	XYNAGOGEES	0	
orth	XYNAGOGEES		
entry	XYNCLERIÆ	0	
orth	XYNCLERIÆ		
entry	XYNERISIS	0	
orth	XYNERISIS		
entry	XYRIS	1	
orth	XYRIS		
pb	1099	0552	
entry	XYSMA	0	
orth	XYSMA		
entry	XYSTER	0	
orth	XYSTER		
entry	XYSTOS	0	
orth	XYSTOS		
clique	Alphabetum Chymicurn		
entry	YARIN	0	
orth	YARIN		
entry	YAWS	3	
orth	YAWS		
pb	1101	0553	
pb	1103	0554	
pb	1105	0555	
entry	YAYAMA	0	
orth	YAYAMA		
entry	YC	0	
orth	YC		
entry	YEAR	0	
orth	YEAR		
entry	YDRARGYROS	0	
orth	YDRARGYROS		
entry	YECOTL	0	
orth	YECOTL		
entry	YELION	0	
orth	YELION		
entry	YERVA	0	
orth	YERVA		
entry	YERVA MORA	0	
orth	YERVA MORA		
entry	YETTUS	0	
orth	YETTUS		
entry	YGROPISSOS	1	
orth	YGROPISSOS		
pb	1107	0556	
entry	YLECH	0	
orth	YLECH		
clique	Ilech		
entry	YLEIDOS, YLIADOS	0	
orth	YLEIDOS		
orth	YLIADOS		
entry	YOMO, YOS, YN	0	
orth	YOMO		
orth	YOS		
orth	YN		
entry	YPSILOGLOSSI, BASIOGLOSSI MUSCULI	0	
orth	YPSILOGLOSSI		
orth	BASIOGLOSSI MUSCULI		
entry	YPSILOIDES OS	0	
orth	YPSILOIDES OS		
entry	YQUETAYA	0	
orth	YQUETAYA		
entry	YRCUS	0	
orth	YRCUS		
entry	YRIDES	0	
orth	YRIDES		
entry	YRIS	0	
orth	YRIS		
entry	YSAMBRA	0	
orth	YSAMBRA		
entry	YSIR	0	
orth	YSIR		
entry	YSOPUS	0	
orth	YSOPUS		
entry	YSPAR	0	
orth	YSPAR		
entry	YTZAMOTL	0	
orth	YTZAMOTL		
entry	YUCCA	0	
orth	YUCCA		
entry	YXIR	0	
orth	YXIR		
entry	YZTACTEX	0	
orth	YZTACTEX		
pb	1109	0557	
entry	Z	0	
orth	Z		
entry	ZZ	0	
orth	ZZ		
entry	ZAAR	0	
orth	ZAAR		
entry	ZAARA	0	
orth	ZAARA		
entry	ZACCARUM	0	
orth	ZACCARUM		
entry	ZACCON	0	
orth	ZACCON		
entry	ZACINTHA	0	
orth	ZACINTHA		
entry	ZACYNTHIUS	0	
orth	ZACYNTHIUS		
entry	ZADURA	0	
orth	ZADURA		
entry	ZAFFABEN	0	
orth	ZAFFABEN		
entry	ZAFFRAMEN	0	
orth	ZAFFRAMEN		
entry	ZAFRAN, ZAFFRAN	0	
orth	ZAFRAN		
orth	ZAFFRAN		
entry	ZAGU	0	
orth	ZAGU		
entry	ZAHIR	0	
orth	ZAHIR		
entry	ZAIBAC, ZAIBACH, ZAIBAR	0	
orth	ZAIBAC		
orth	ZAIBACH		
orth	ZAIBAR		
entry	ZAIDIR	0	
orth	ZAIDIR		
entry	ZALE	0	
orth	ZALE		
entry	ZAMIÆ	0	
orth	ZAMIÆ		
entry	ZANDIK	0	
orth	ZANDIK		
entry	ZANNA	1	
orth	ZANNA		
pb	1111	0558	
entry	ZANTHOXYLUM	0	
orth	ZANTHOXYLUM		
clique	Lignum flavum		
entry	ZAOCEL	0	
orth	ZAOCEL		
entry	ZAPHARA, ZAFFARA	0	
orth	ZAPHARA		
orth	ZAFFARA		
entry	ZAPHIRUS	0	
orth	ZAPHIRUS		
entry	ZAPOTUM	0	
orth	ZAPOTUM		
entry	ZARAS	0	
orth	ZARAS		
entry	ZARDA	0	
orth	ZARDA		
entry	ZARIFU	0	
orth	ZARIFU		
entry	ZARNACHA	0	
orth	ZARNACHA		
clique	Zsanna		
entry	ZARNEG, ZARNEK, ZARNICH	0	
orth	ZARNEG		
orth	ZARNEK		
orth	ZARNICH		
entry	ZARSAPARILLA	0	
orth	ZARSAPARILLA		
clique	Sarsaparilla		
entry	ZARUTHAN	0	
orth	ZARUTHAN		
entry	ZATANEA	0	
orth	ZATANEA		
entry	ZATA-HENDI	0	
orth	ZATA-HENDI		
entry	ZAUHIRON	0	
orth	ZAUHIRON		
entry	ZEA SPELTA	0	
orth	ZEA SPELTA		
entry	ZEBD	0	
orth	ZEBD		
entry	ZEBET	0	
orth	ZEBET		
entry	ZEC	0	
orth	ZEC		
pb	1113	0559	
entry	ZEDOARIA	1	
orth	ZEDOARIA		
pb	1115	0560	
entry	ZEFR	0	
orth	ZEFR		
entry	ZEGI, ZETUS, ZEZI	0	
orth	ZEGI		
orth	ZETUS		
orth	ZEZI		
entry	ZEHERECH	0	
orth	ZEHERECH		
entry	ZEIA	0	
orth	ZEIA		
clique	Zea		
entry	ZEITRABRA	0	
orth	ZEITRABRA		
entry	ZELOTUM	0	
orth	ZELOTUM		
entry	ZELOTYPIA	0	
orth	ZELOTYPIA		
entry	ZELPHO	0	
orth	ZELPHO		
clique	Z en do		
entry	ZEMA	0	
orth	ZEMA		
entry	ZEMASARUM	0	
orth	ZEMASARUM		
entry	ZEMECH	0	
orth	ZEMECH		
entry	ZENDA	0	
orth	ZENDA		
entry	ZENECHDON	0	
orth	ZENECHDON		
entry	ZENEXTON	0	
orth	ZENEXTON		
clique	Xcnexton		
entry	ZENEXTOR	0	
orth	ZENEXTOR		
entry	ZENGIFUR	0	
orth	ZENGIFUR		
entry	ZENI	0	
orth	ZENI		
entry	ZENICON	0	
orth	ZENICON		
entry	ZENITH	0	
orth	ZENITH		
entry	ZEOCHRITON	0	
orth	ZEOCHRITON		
entry	ZEOPYRON	0	
orth	ZEOPYRON		
entry	ZEPHENUM, ZEPHENA	0	
orth	ZEPHENUM		
orth	ZEPHENA		
entry	ZEPHYRUS	0	
orth	ZEPHYRUS		
entry	ZEPHYRIUS FŒTUS	0	
orth	ZEPHYRIUS FŒTUS		
entry	ZERICUM	0	
orth	ZERICUM		
entry	ZERNA	0	
orth	ZERNA		
entry	ZEROS	0	
orth	ZEROS		
entry	ZERTA	0	
orth	ZERTA		
entry	ZERUMBETH	0	
orth	ZERUMBETH		
entry	ZERZERA	0	
orth	ZERZERA		
entry	ZESTOLUSIA	0	
orth	ZESTOLUSIA		
entry	ZETÆ, VAPORARIA	1	
orth	ZETÆ		
orth	VAPORARIA		
pb	1117	0561	
entry	ZEUS	0	
orth	ZEUS		
clique	Faber		
entry	ZIAZAA	0	
orth	ZIAZAA		
entry	ZIBACH	0	
orth	ZIBACH		
clique	Zeibar		
entry	ZIBELLINA	0	
orth	ZIBELLINA		
entry	ZIBETHUM	0	
orth	ZIBETHUM		
entry	ZIBIBIÆ, ZIBEBÆ	0	
orth	ZIBIBIÆ		
orth	ZIBEBÆ		
entry	ZICCARA	0	
orth	ZICCARA		
entry	ZIGIR	0	
orth	ZIGIR		
entry	ZIMEX	0	
orth	ZIMEX		
entry	ZINARIA	0	
orth	ZINARIA		
entry	ZINCHUM	1	
orth	ZINCHUM		
pb	1119	0562	
entry	ZINDULUS	0	
orth	ZINDULUS		
entry	ZINETUS	0	
orth	ZINETUS		
entry	ZINGAR	0	
orth	ZINGAR		
entry	ZINGI	0	
orth	ZINGI		
entry	ZINGIBER	2	
orth	ZINGIBER		
pb	1121	0563	
pb	1123	0564	
entry	ZINGITES, ZINGRITES	0	
orth	ZINGITES		
orth	ZINGRITES		
entry	ZENIAR	0	
orth	ZENIAR		
entry	ZINIAT	0	
orth	ZINIAT		
entry	ZINK	0	
orth	ZINK		
clique	Zincbum		
entry	ZINZALA	0	
orth	ZINZALA		
entry	ZINZIBER	0	
orth	ZINZIBER		
entry	ZINZIFUR, ZINGIFUR	0	
orth	ZINZIFUR		
orth	ZINGIFUR		
entry	ZINZILLA	0	
orth	ZINZILLA		
entry	ZIRBALIS HERNIA	0	
orth	ZIRBALIS HERNIA		
entry	ZIRBUS	0	
orth	ZIRBUS		
entry	ZIZANION	0	
orth	ZIZANION		
entry	ZIZERIUM	0	
orth	ZIZERIUM		
entry	ZIZIBI, ZIBEBE	0	
orth	ZIZIBI		
orth	ZIBEBE		
entry	ZIZIPHA	0	
orth	ZIZIPHA		
entry	ZIZIPHUS	1	
orth	ZIZIPHUS		
pb	1125	0565	
entry	ZMILACES	0	
orth	ZMILACES		
entry	ZOARCHIA, XOARCHIA	0	
orth	ZOARCHIA		
orth	XOARCHIA		
entry	ZOEPHILOS	0	
orth	ZOEPHILOS		
entry	ZONA	0	
orth	ZONA		
entry	ZONITIS	0	
orth	ZONITIS		
entry	ZOOMINERALIA	0	
orth	ZOOMINERALIA		
entry	ZOOPHTHALMOS	0	
orth	ZOOPHTHALMOS		
entry	ZOOHHYTON	0	
orth	ZOOHHYTON		
entry	ZOOTOME	0	
orth	ZOOTOME		
entry	ZOPISSA	0	
orth	ZOPISSA		
entry	ZOPYRI ANTIDOTUS	0	
orth	ZOPYRI ANTIDOTUS		
entry	ZORABA	0	
orth	ZORABA		
entry	ZORONISIOS	0	
orth	ZORONISIOS		
entry	ZOSINIS ILLICIO	0	
orth	ZOSINIS ILLICIO		
entry	ZOSTER	0	
orth	ZOSTER		
entry	ZOTICUS	0	
orth	ZOTICUS		
entry	ZUB, ZUBD	0	
orth	ZUB		
orth	ZUBD		
entry	ZUCCAIA	0	
orth	ZUCCAIA		
clique	Zatanea		
entry	ZUCCARUM	0	
orth	ZUCCARUM		
entry	ZUCCHA	0	
orth	ZUCCHA		
entry	ZUITTER, ZITTER	0	
orth	ZUITTER		
orth	ZITTER		
entry	ZULAPIUM	0	
orth	ZULAPIUM		
entry	ZYGANA	0	
orth	ZYGANA		
entry	ZYGIS	0	
orth	ZYGIS		
entry	ZYGOMA	0	
orth	ZYGOMA		
clique	Caput		
entry	ZYGOMATICUS MUSCULUS	1	
orth	ZYGOMATICUS MUSCULUS		
pb	1127	0566	
entry	ZYMAR, ZYNAR, ZINSER	0	
orth	ZYMAR		
orth	ZYNAR		
orth	ZINSER		
entry	ZYME	0	
orth	ZYME		
entry	ZYMOMA	0	
orth	ZYMOMA		
entry	ZYMOSIS	0	
orth	ZYMOSIS		
entry	ZYTHOGALA	0	
orth	ZYTHOGALA		
entry	ZYTHOS	0	
orth	ZYTHOS		
